"x","y","z","subject"
-29.502,1.561,-34.94,3
-40.225,5.986,-34.754,3
-36.718,5.9205,-34.615,3
-26.197,5.7227,-34.197,3
-40.426,10.214,-34.149,3
-36.919,10.148,-34.01,3
-26.398,9.9507,-33.593,3
-22.891,9.8849,-33.454,3
-40.628,14.442,-33.545,3
29.513,13.126,-30.763,3
33.02,13.06,-30.624,3
40.035,12.928,-30.346,3
-40.829,18.67,-32.941,3
-33.815,18.538,-32.662,3
36.326,17.222,-29.881,3
-39.874,-3.3357,-32.279,3
-32.859,-3.4667,-32.001,3
-29.352,-3.5335,-31.861,3
-43.582,0.95832,-31.814,3
-40.075,0.8925,-31.674,3
-29.554,0.6951,-31.257,3
-22.54,0.56285,-30.979,3
23.052,-0.2923,-29.17,3
30.066,-0.4242,-28.893,3
33.573,-0.48969,-28.754,3
37.08,-0.55552,-28.614,3
-36.77,5.0543,-30.931,3
-22.741,4.7911,-30.374,3
-19.234,4.7256,-30.235,3
15.836,4.0672,-28.845,3
22.851,3.9353,-28.567,3
26.358,3.8695,-28.427,3
36.879,3.6721,-28.01,3
43.893,3.5408,-27.732,3
-40.478,9.3484,-30.466,3
-29.957,9.1509,-30.048,3
-22.943,9.0193,-29.771,3
-19.436,8.9536,-29.632,3
26.156,8.0978,-27.823,3
29.663,8.0317,-27.684,3
33.17,7.9659,-27.545,3
36.677,7.9002,-27.406,3
40.184,7.8344,-27.267,3
43.691,7.7687,-27.128,3
-26.651,13.313,-29.305,3
25.955,12.326,-27.219,3
29.462,12.26,-27.08,3
32.969,12.194,-26.941,3
36.476,12.128,-26.801,3
43.49,11.996,-26.524,3
-47.895,17.936,-29.536,3
-44.388,17.87,-29.397,3
-40.881,17.804,-29.257,3
-33.867,17.673,-28.979,3
-30.36,17.607,-28.84,3
-26.853,17.541,-28.702,3
39.781,16.29,-26.058,3
-29.001,-12.855,-29.387,3
-36.217,-8.4947,-29.06,3
-25.696,-8.6921,-28.643,3
-22.188,-8.7588,-28.504,3
-18.681,-8.8243,-28.365,3
26.911,-9.6804,-26.556,3
30.418,-9.7459,-26.418,3
33.925,-9.8114,-26.279,3
-36.418,-4.2671,-28.457,3
-29.404,-4.3984,-28.178,3
-25.897,-4.4648,-28.039,3
23.202,-5.3864,-26.092,3
33.723,-5.5841,-25.674,3
40.737,-5.7151,-25.396,3
-47.141,0.15888,-28.27,3
-33.113,-0.10434,-27.713,3
-29.606,-0.17111,-27.573,3
-26.099,-0.23659,-27.434,3
-22.591,-0.30207,-27.296,3
-19.084,-0.3685,-27.157,3
19.493,-1.0927,-25.626,3
30.015,-1.2901,-25.21,3
33.522,-1.3559,-25.07,3
44.043,-1.5533,-24.653,3
-47.342,4.3861,-27.665,3
-43.835,4.3207,-27.526,3
-40.328,4.2548,-27.386,3
-36.821,4.1884,-27.248,3
-22.793,3.9252,-26.691,3
-19.286,3.8597,-26.552,3
26.306,3.0036,-24.744,3
29.813,2.9381,-24.605,3
33.32,2.8727,-24.466,3
43.841,2.6749,-24.049,3
47.348,2.6094,-23.91,3
50.855,2.543,-23.771,3
-40.53,8.4828,-26.783,3
-33.516,8.3509,-26.504,3
-26.502,8.2194,-26.227,3
-22.995,8.1537,-26.088,3
-19.487,8.0876,-25.948,3
19.09,7.3636,-24.418,3
22.597,7.2979,-24.279,3
33.119,7.1003,-23.862,3
36.626,7.0345,-23.723,3
47.147,6.837,-23.305,3
-44.238,12.776,-26.317,3
-37.224,12.645,-26.04,3
-33.717,12.579,-25.901,3
25.903,11.46,-23.536,3
46.945,11.065,-22.701,3
-51.454,17.136,-25.992,3
-33.919,16.807,-25.296,3
-30.412,16.741,-25.157,3
-26.905,16.675,-25.018,3
25.701,15.688,-22.931,3
-44.641,21.233,-25.109,3
29.007,19.85,-22.188,3
32.514,19.784,-22.049,3
39.528,19.652,-21.77,3
-48.35,25.526,-24.644,3
-37.829,25.329,-24.227,3
-34.322,25.263,-24.087,3
32.313,24.012,-21.445,3
-38.03,29.556,-23.623,3
-32.358,-17.883,-26.446,3
-28.851,-17.948,-26.307,3
-25.344,-18.014,-26.168,3
-39.574,-13.523,-26.121,3
-32.56,-13.654,-25.843,3
-25.546,-13.787,-25.564,3
-22.039,-13.852,-25.425,3
34.074,-14.906,-23.199,3
37.582,-14.971,-23.06,3
41.089,-15.037,-22.921,3
-43.283,-9.2292,-25.656,3
-39.775,-9.2951,-25.516,3
-36.268,-9.3605,-25.377,3
-25.747,-9.5583,-24.959,3
-22.24,-9.6238,-24.82,3
-18.733,-9.6902,-24.682,3
23.352,-10.48,-23.012,3
33.873,-10.677,-22.596,3
37.38,-10.743,-22.457,3
-22.442,-5.3961,-24.217,3
-18.935,-5.462,-24.077,3
26.657,-6.3181,-22.269,3
47.7,-6.7123,-21.434,3
-50.7,-0.6415,-24.726,3
-47.193,-0.70733,-24.586,3
-19.136,-1.2334,-23.474,3
19.442,-1.9576,-21.943,3
33.47,-2.2218,-21.387,3
40.484,-2.3527,-21.109,3
43.991,-2.4182,-20.97,3
51.005,-2.5505,-20.691,3
-54.408,3.6522,-24.26,3
19.24,2.2697,-21.339,3
29.761,2.0723,-20.922,3
47.297,1.7436,-20.227,3
-51.103,7.8144,-23.517,3
-44.089,7.6829,-23.239,3
-40.582,7.6168,-23.099,3
-26.553,7.3538,-22.544,3
-23.046,7.2877,-22.404,3
-16.032,7.1562,-22.126,3
15.532,6.5638,-20.874,3
19.039,6.498,-20.735,3
26.053,6.3662,-20.456,3
29.56,6.3004,-20.317,3
40.081,6.1028,-19.9,3
-47.797,11.976,-22.773,3
15.33,10.792,-20.27,3
18.837,10.726,-20.131,3
25.851,10.594,-19.853,3
29.358,10.528,-19.713,3
50.401,10.133,-18.879,3
-51.506,16.27,-22.309,3
-47.999,16.204,-22.169,3
-37.478,16.007,-21.752,3
-16.435,15.612,-20.917,3
18.636,14.954,-19.526,3
22.143,14.888,-19.387,3
25.65,14.822,-19.248,3
29.157,14.757,-19.11,3
36.171,14.625,-18.831,3
43.185,14.493,-18.553,3
50.199,14.361,-18.274,3
53.706,14.296,-18.135,3
-55.214,20.564,-21.843,3
-41.186,20.301,-21.287,3
-16.637,19.84,-20.313,3
25.448,19.05,-18.644,3
28.955,18.984,-18.505,3
35.969,18.852,-18.226,3
42.984,18.721,-17.949,3
-58.923,24.858,-21.378,3
-55.416,24.792,-21.239,3
-51.909,24.726,-21.1,3
-41.388,24.529,-20.683,3
-20.345,24.134,-19.848,3
21.74,23.344,-18.179,3
35.768,23.081,-17.623,3
-52.11,28.955,-20.496,3
-48.603,28.888,-20.357,3
-45.096,28.823,-20.218,3
-34.575,28.625,-19.8,3
-27.561,28.494,-19.522,3
32.059,27.375,-17.157,3
-48.805,33.117,-19.753,3
-45.298,33.051,-19.613,3
-41.791,32.984,-19.474,3
-38.284,32.919,-19.335,3
-34.777,32.853,-19.196,3
-20.95,36.817,-18.035,3
-28.367,45.405,-17.105,3
24.239,44.418,-15.019,3
-32.076,49.699,-16.64,3
20.53,48.712,-14.553,3
24.038,48.646,-14.414,3
-32.277,53.927,-16.036,3
-28.77,53.862,-15.897,3
-25.263,53.795,-15.757,3
23.836,52.873,-13.81,3
-32.479,58.156,-15.431,3
-28.971,58.089,-15.293,3
-21.957,57.958,-15.014,3
20.127,57.168,-13.345,3
23.635,57.102,-13.207,3
27.142,57.036,-13.066,3
-29.173,62.317,-14.688,3
-25.666,62.252,-14.549,3
23.433,61.33,-12.602,3
26.94,61.264,-12.463,3
-32.882,66.611,-14.223,3
-29.375,66.546,-14.084,3
-25.867,66.479,-13.945,3
-22.36,66.414,-13.806,3
-15.346,66.282,-13.528,3
16.217,65.69,-12.276,3
19.724,65.624,-12.136,3
23.231,65.558,-11.998,3
-26.069,70.708,-13.341,3
-22.562,70.642,-13.201,3
-19.055,70.575,-13.063,3
-15.548,70.51,-12.924,3
-12.041,70.445,-12.785,3
-8.5336,70.378,-12.645,3
-5.0266,70.312,-12.506,3
1.9876,70.181,-12.228,3
5.4946,70.115,-12.089,3
9.0017,70.049,-11.95,3
12.509,69.984,-11.811,3
16.016,69.917,-11.672,3
19.523,69.852,-11.533,3
-19.256,74.804,-12.458,3
-12.242,74.672,-12.18,3
-5.2281,74.54,-11.902,3
1.786,74.409,-11.624,3
5.2931,74.343,-11.485,3
8.8002,74.278,-11.346,3
12.307,74.211,-11.206,3
15.814,74.145,-11.067,3
19.321,74.08,-10.928,3
-5.4296,78.768,-11.298,3
1.5845,78.637,-11.019,3
8.5987,78.505,-10.742,3
-32.41,-18.749,-22.763,3
-28.903,-18.814,-22.624,3
-25.396,-18.88,-22.485,3
30.717,-19.933,-20.259,3
-43.133,-14.323,-22.576,3
-39.626,-14.388,-22.437,3
-36.119,-14.455,-22.299,3
-25.597,-14.651,-21.881,3
34.023,-15.771,-19.516,3
41.037,-15.903,-19.238,3
44.544,-15.968,-19.099,3
-43.334,-10.095,-21.972,3
-36.32,-10.226,-21.694,3
-29.306,-10.358,-21.416,3
-22.292,-10.49,-21.137,3
33.821,-11.543,-18.913,3
40.835,-11.674,-18.634,3
44.342,-11.741,-18.495,3
47.849,-11.806,-18.356,3
-50.55,-5.735,-21.646,3
-43.536,-5.8669,-21.368,3
-36.522,-5.9982,-21.089,3
-29.508,-6.1301,-20.812,3
-22.493,-6.2614,-20.533,3
19.591,-7.0517,-18.865,3
40.634,-7.4471,-18.029,3
47.648,-7.5781,-17.752,3
-50.751,-1.5077,-21.042,3
-47.244,-1.5732,-20.903,3
-15.681,-2.1651,-19.651,3
19.39,-2.8235,-18.26,3
29.911,-3.0212,-17.842,3
-50.953,2.7208,-20.438,3
-47.446,2.655,-20.298,3
-43.939,2.5895,-20.159,3
-40.432,2.5231,-20.02,3
19.188,1.4038,-17.656,3
43.738,0.94318,-16.683,3
-47.647,6.883,-19.695,3
-44.14,6.817,-19.555,3
-40.633,6.7512,-19.416,3
-23.098,6.4221,-18.721,3
-51.356,11.177,-19.229,3
-44.342,11.045,-18.951,3
15.278,9.926,-16.587,3
46.842,9.3336,-15.335,3
50.349,9.2678,-15.196,3
-51.557,15.405,-18.625,3
-48.05,15.339,-18.486,3
-12.98,14.681,-17.095,3
36.119,13.759,-15.148,3
46.64,13.562,-14.73,3
-55.266,19.698,-18.16,3
-51.759,19.633,-18.021,3
-48.252,19.567,-17.882,3
-44.745,19.501,-17.742,3
-37.731,19.369,-17.465,3
39.425,17.921,-14.404,3
42.932,17.855,-14.265,3
46.439,17.79,-14.127,3
49.946,17.724,-13.987,3
-51.961,23.861,-17.417,3
-48.453,23.795,-17.278,3
-41.439,23.663,-16.999,3
-37.932,23.597,-16.86,3
14.674,22.61,-14.774,3
35.716,22.215,-13.94,3
39.223,22.149,-13.8,3
46.237,22.018,-13.522,3
-62.683,28.286,-17.23,3
-59.176,28.221,-17.091,3
-41.641,27.891,-16.395,3
-38.134,27.825,-16.256,3
14.472,26.838,-14.169,3
35.515,26.443,-13.335,3
39.022,26.378,-13.196,3
49.543,26.18,-12.779,3
-62.885,32.514,-16.625,3
-59.378,32.448,-16.486,3
-55.871,32.383,-16.348,3
-52.364,32.317,-16.209,3
-45.349,32.185,-15.93,3
-41.842,32.119,-15.791,3
-38.335,32.053,-15.652,3
-20.8,31.724,-14.957,3
14.271,31.066,-13.565,3
17.778,31,-13.426,3
24.792,30.868,-13.149,3
28.299,30.803,-13.009,3
31.806,30.737,-12.87,3
35.313,30.671,-12.731,3
42.327,30.54,-12.453,3
-52.565,36.544,-15.604,3
-45.551,36.413,-15.325,3
-38.537,36.281,-15.048,3
14.069,35.294,-12.961,3
31.605,34.965,-12.266,3
35.112,34.899,-12.126,3
38.619,34.833,-11.987,3
-49.26,40.707,-14.861,3
-45.752,40.641,-14.722,3
-42.245,40.575,-14.582,3
-38.738,40.509,-14.443,3
-24.71,40.246,-13.887,3
24.389,39.325,-11.939,3
31.403,39.193,-11.662,3
-56.475,45.067,-14.535,3
-38.94,44.737,-13.84,3
-21.405,44.408,-13.143,3
20.68,43.619,-11.475,3
24.187,43.552,-11.336,3
27.694,43.486,-11.196,3
34.709,43.354,-10.918,3
38.216,43.289,-10.78,3
-53.17,49.228,-13.792,3
-49.663,49.163,-13.652,3
-46.156,49.097,-13.513,3
-42.648,49.031,-13.374,3
-39.141,48.965,-13.235,3
-28.62,48.767,-12.818,3
-25.113,48.702,-12.679,3
20.479,47.846,-10.87,3
27.493,47.715,-10.592,3
31,47.648,-10.453,3
34.507,47.583,-10.314,3
-53.371,53.457,-13.187,3
-49.864,53.391,-13.048,3
-46.357,53.325,-12.909,3
-39.343,53.193,-12.631,3
-35.836,53.127,-12.492,3
-28.822,52.996,-12.213,3
-25.315,52.93,-12.074,3
20.277,52.074,-10.266,3
23.784,52.009,-10.127,3
27.291,51.942,-9.9882,3
30.798,51.877,-9.8492,3
37.813,51.744,-9.5706,3
41.32,51.679,-9.4316,3
44.827,51.614,-9.2927,3
-53.573,57.684,-12.583,3
-46.559,57.553,-12.305,3
-43.051,57.487,-12.166,3
-39.544,57.421,-12.026,3
-36.037,57.355,-11.887,3
-32.53,57.29,-11.748,3
-29.023,57.223,-11.61,3
-25.516,57.157,-11.47,3
20.076,56.303,-9.6622,3
23.583,56.236,-9.5226,3
27.09,56.17,-9.3836,3
30.597,56.105,-9.2446,3
34.104,56.038,-9.1059,3
37.611,55.973,-8.967,3
-46.76,61.781,-11.7,3
-36.239,61.583,-11.283,3
-29.225,61.452,-11.005,3
-25.718,61.386,-10.866,3
16.367,60.595,-9.1969,3
23.381,60.464,-8.9189,3
26.888,60.399,-8.779,3
30.395,60.332,-8.6403,3
33.902,60.267,-8.5014,3
37.41,60.201,-8.3624,3
-46.962,66.008,-11.096,3
-43.455,65.943,-10.957,3
-39.947,65.877,-10.818,3
-32.933,65.745,-10.54,3
-29.426,65.68,-10.4,3
-25.919,65.613,-10.262,3
-22.412,65.548,-10.123,3
-18.905,65.482,-9.9839,3
-8.3838,65.285,-9.5664,3
9.1515,64.956,-8.8709,3
16.166,64.824,-8.5923,3
19.673,64.758,-8.4533,3
26.687,64.626,-8.1757,3
30.194,64.56,-8.0358,3
37.208,64.428,-7.7581,3
-47.163,70.237,-10.492,3
-43.656,70.171,-10.352,3
-40.149,70.105,-10.214,3
-36.642,70.039,-10.075,3
-33.135,69.974,-9.9359,3
-29.628,69.907,-9.7972,3
-26.121,69.841,-9.6573,3
-22.614,69.776,-9.5183,3
-19.107,69.71,-9.3793,3
-12.092,69.578,-9.1008,3
-8.5853,69.513,-8.9618,3
5.4429,69.249,-8.4052,3
8.95,69.183,-8.2666,3
12.457,69.118,-8.1276,3
19.471,68.985,-7.8491,3
22.978,68.92,-7.7101,3
37.007,68.657,-7.1535,3
-40.35,74.333,-9.6092,3
-36.843,74.267,-9.4703,3
-33.336,74.201,-9.3316,3
-29.829,74.135,-9.1926,3
-26.322,74.07,-9.0536,3
-22.815,74.003,-8.9141,3
-19.308,73.938,-8.7751,3
-8.7869,73.74,-8.3575,3
5.2414,73.477,-7.8019,3
19.27,73.214,-7.2454,3
29.791,73.016,-6.8278,3
33.298,72.951,-6.6889,3
36.805,72.885,-6.5499,3
-33.538,78.429,-8.727,3
-30.031,78.364,-8.588,3
-26.524,78.297,-8.4494,3
-19.51,78.166,-8.1705,3
-16.003,78.1,-8.0315,3
1.5328,77.771,-7.3363,3
8.547,77.64,-7.0583,3
15.561,77.508,-6.7798,3
29.589,77.244,-6.2233,3
-37.246,82.723,-8.2623,3
-30.232,82.591,-7.9838,3
-26.725,82.525,-7.8448,3
-16.204,82.328,-7.4272,3
4.8384,81.934,-6.5927,3
11.853,81.802,-6.3151,3
15.36,81.736,-6.1752,3
25.881,81.538,-5.7586,3
-33.941,86.885,-7.5191,3
-30.434,86.82,-7.3801,3
-26.927,86.754,-7.2402,3
-19.913,86.622,-6.9626,3
-27.128,90.981,-6.6369,3
-16.607,90.784,-6.219,3
-13.1,90.718,-6.0804,3
14.957,90.192,-4.9673,3
-42.983,-19.416,-19.497,3
30.665,-20.798,-16.576,3
-43.184,-15.189,-18.893,3
-25.649,-15.517,-18.198,3
37.478,-16.702,-15.694,3
40.985,-16.768,-15.555,3
44.492,-16.834,-15.415,3
47.999,-16.9,-15.276,3
-46.893,-10.895,-18.428,3
-36.372,-11.092,-18.011,3
-32.865,-11.158,-17.872,3
-22.344,-11.355,-17.454,3
47.798,-12.672,-14.672,3
-50.602,-6.6008,-17.963,3
-43.587,-6.7331,-17.684,3
-36.573,-6.8641,-17.407,3
-33.066,-6.9295,-17.267,3
-26.052,-7.0618,-16.989,3
47.596,-8.444,-14.069,3
51.103,-8.5098,-13.929,3
-50.803,-2.3726,-17.358,3
-47.296,-2.4391,-17.22,3
22.845,-3.7548,-14.438,3
26.352,-3.8216,-14.298,3
40.381,-4.0848,-13.742,3
-54.512,1.9214,-16.894,3
-43.991,1.7237,-16.476,3
22.644,0.47245,-13.834,3
47.193,0.01149,-12.86,3
50.7,-0.053995,-12.721,3
54.207,-0.11948,-12.582,3
-54.713,6.149,-16.289,3
-51.206,6.0832,-16.151,3
-47.699,6.0174,-16.012,3
4.9069,5.0297,-13.925,3
46.992,4.24,-12.256,3
50.499,4.174,-12.116,3
-51.408,10.311,-15.546,3
-44.394,10.18,-15.268,3
4.7054,9.2577,-13.32,3
46.79,8.468,-11.652,3
50.297,8.4022,-11.513,3
53.804,8.3361,-11.373,3
-58.623,14.671,-15.22,3
-55.116,14.605,-15.081,3
-30.567,14.144,-14.107,3
-13.031,13.815,-13.412,3
11.518,13.354,-12.438,3
50.096,12.63,-10.908,3
-55.318,18.833,-14.477,3
-51.811,18.767,-14.338,3
11.316,17.582,-11.834,3
35.866,17.121,-10.86,3
49.894,16.858,-10.304,3
-55.519,23.061,-13.872,3
-52.012,22.995,-13.733,3
35.664,21.349,-10.256,3
49.693,21.086,-9.6992,3
-59.228,27.355,-13.408,3
-55.721,27.288,-13.268,3
-17.143,26.564,-11.739,3
35.463,25.577,-9.6522,3
42.477,25.446,-9.3733,3
45.984,25.38,-9.2347,3
49.491,25.314,-9.0957,3
-55.922,31.517,-12.665,3
45.783,29.608,-8.6301,3
49.29,29.542,-8.4911,3
52.797,29.476,-8.3525,3
59.811,29.345,-8.0736,3
-56.124,35.745,-12.06,3
-52.617,35.678,-11.921,3
-45.603,35.547,-11.642,3
35.06,34.033,-8.4434,3
45.581,33.836,-8.0255,3
49.088,33.77,-7.8869,3
52.595,33.704,-7.7479,3
56.102,33.639,-7.6089,3
59.609,33.572,-7.4702,3
-56.325,39.972,-11.456,3
-49.311,39.841,-11.178,3
-38.79,39.644,-10.76,3
-14.241,39.183,-9.787,3
34.858,38.261,-7.8388,3
41.873,38.129,-7.5612,3
45.38,38.064,-7.4222,3
52.394,37.932,-7.1433,3
-60.034,44.266,-10.991,3
-56.527,44.2,-10.851,3
-53.02,44.135,-10.712,3
-49.513,44.069,-10.573,3
-38.992,43.872,-10.155,3
-24.963,43.608,-9.599,3
31.15,42.555,-7.3741,3
41.671,42.357,-6.9566,3
45.178,42.292,-6.8176,3
48.685,42.226,-6.6786,3
-60.235,48.494,-10.386,3
-53.221,48.362,-10.109,3
-39.193,48.099,-9.5522,3
-7.6295,47.507,-8.3002,3
44.977,46.519,-6.2133,3
-60.437,52.723,-9.7818,3
-49.916,52.525,-9.3652,3
-46.409,52.459,-9.2253,3
13.211,51.34,-6.8614,3
51.789,50.616,-5.3308,3
-57.131,56.884,-9.0386,3
-53.624,56.819,-8.8996,3
-50.117,56.752,-8.7609,3
-46.61,56.687,-8.6219,3
-39.596,56.556,-8.343,3
-32.582,56.424,-8.0654,3
37.559,55.107,-5.2831,3
41.066,55.041,-5.1441,3
44.574,54.976,-5.0051,3
-57.333,61.113,-8.4349,3
-53.826,61.046,-8.2953,3
-50.319,60.981,-8.1563,3
-46.812,60.915,-8.0173,3
-32.783,60.652,-7.4608,3
-25.769,60.52,-7.1832,3
12.808,59.796,-5.6526,3
23.33,59.598,-5.235,3
47.879,59.138,-4.2619,3
51.386,59.072,-4.1229,3
-57.534,65.34,-7.8306,3
-54.027,65.275,-7.6917,3
-50.52,65.209,-7.5517,3
-43.506,65.077,-7.2741,3
-32.985,64.879,-6.8566,3
-25.971,64.748,-6.5786,3
-8.4355,64.419,-5.8834,3
9.0998,64.09,-5.1879,3
30.142,63.694,-4.3528,3
37.156,63.563,-4.0748,3
40.663,63.497,-3.9362,3
44.17,63.431,-3.7963,3
51.185,63.3,-3.5183,3
-57.736,69.569,-7.226,3
-54.229,69.503,-7.0871,3
-47.215,69.371,-6.8085,3
-40.201,69.24,-6.5305,3
-33.187,69.108,-6.2529,3
-29.679,69.042,-6.113,3
-26.172,68.976,-5.9743,3
-22.665,68.91,-5.8354,3
-15.651,68.779,-5.5564,3
-12.144,68.712,-5.4178,3
-8.6371,68.647,-5.2788,3
-5.13,68.581,-5.1398,3
1.8842,68.449,-4.8613,3
5.3912,68.384,-4.7223,3
8.8983,68.318,-4.5833,3
15.912,68.186,-4.3047,3
19.419,68.121,-4.1657,3
33.448,67.857,-3.6092,3
40.462,67.725,-3.3316,3
43.969,67.66,-3.1926,3
50.983,67.528,-2.914,3
-54.43,73.73,-6.4828,3
-40.402,73.467,-5.9263,3
-36.895,73.402,-5.7873,3
-29.881,73.27,-5.5097,3
-19.36,73.072,-5.0921,3
-8.8386,72.875,-4.6742,3
-5.3315,72.809,-4.5356,3
-1.8244,72.743,-4.3966,3
8.6968,72.546,-3.979,3
12.204,72.48,-3.8401,3
15.711,72.415,-3.7011,3
22.725,72.282,-3.4225,3
29.739,72.15,-3.1449,3
40.26,71.954,-2.727,3
43.767,71.887,-2.5883,3
50.782,71.756,-2.3104,3
-58.139,78.024,-6.0181,3
-37.097,77.63,-5.1827,3
-30.082,77.498,-4.9051,3
-23.068,77.366,-4.6265,3
-16.054,77.235,-4.3485,3
-12.547,77.169,-4.2096,3
-5.533,77.037,-3.931,3
8.4953,76.774,-3.3744,3
22.524,76.511,-2.8188,3
33.045,76.313,-2.4013,3
36.552,76.248,-2.2623,3
40.059,76.181,-2.1227,3
-47.819,82.055,-4.996,3
-33.791,81.791,-4.4395,3
-26.777,81.66,-4.1618,3
-19.763,81.529,-3.8839,3
-16.256,81.462,-3.7443,3
-9.2416,81.331,-3.4663,3
1.2796,81.133,-3.0488,3
4.7867,81.068,-2.9098,3
11.801,80.936,-2.6322,3
15.308,80.87,-2.4922,3
18.815,80.805,-2.3532,3
25.829,80.673,-2.0756,3
29.336,80.607,-1.9357,3
32.843,80.541,-1.7967,3
-41.007,86.151,-4.1138,3
-33.993,86.02,-3.8358,3
-30.486,85.953,-3.6962,3
-26.978,85.888,-3.5572,3
-23.471,85.822,-3.4183,3
-19.964,85.756,-3.2796,3
-9.4431,85.559,-2.8617,3
4.5851,85.295,-2.3055,3
8.0922,85.23,-2.1665,3
11.599,85.164,-2.0276,3
18.613,85.032,-1.749,3
29.135,84.834,-1.3324,3
32.642,84.769,-1.1925,3
-30.687,90.182,-3.0926,3
-27.18,90.116,-2.9527,3
-23.673,90.05,-2.814,3
-20.166,89.984,-2.675,3
-16.659,89.919,-2.536,3
7.8907,89.458,-1.5619,3
14.905,89.326,-1.2843,3
18.412,89.26,-1.1453,3
25.426,89.128,-0.86677,3
28.933,89.063,-0.72778,3
-46.743,-15.988,-15.349,3
37.426,-17.568,-12.011,3
40.933,-17.634,-11.871,3
-46.945,-11.761,-14.745,3
-39.931,-11.892,-14.467,3
-36.424,-11.957,-14.328,3
30.211,-13.209,-11.684,3
33.718,-13.274,-11.545,3
40.732,-13.406,-11.268,3
44.239,-13.472,-11.128,3
47.746,-13.537,-10.989,3
-43.639,-7.598,-14.001,3
22.995,-8.8492,-11.359,3
33.516,-9.047,-10.941,3
40.53,-9.1779,-10.663,3
47.545,-9.3099,-10.386,3
-50.855,-3.2385,-13.675,3
-47.348,-3.304,-13.537,3
-36.827,-3.5017,-13.119,3
-22.798,-3.7649,-12.562,3
22.794,-4.621,-10.754,3
26.301,-4.6865,-10.615,3
47.343,-5.0816,-9.781,3
50.85,-5.1471,-9.642,3
-47.549,0.92328,-12.932,3
-54.765,5.2833,-12.606,3
18.883,3.9008,-9.685,3
43.433,3.4402,-8.7119,3
50.447,3.3083,-8.4331,3
57.461,3.1768,-8.1554,3
-54.966,9.5112,-12.002,3
-51.459,9.4454,-11.863,3
46.738,7.6023,-7.9685,3
50.246,7.5363,-7.8286,3
53.753,7.4705,-7.6898,3
57.26,7.4047,-7.5509,3
-62.182,13.871,-11.676,3
-58.675,13.805,-11.537,3
-55.168,13.739,-11.397,3
-48.154,13.607,-11.12,3
53.551,11.698,-7.0853,3
57.058,11.633,-6.9464,3
-58.877,18.033,-10.933,3
-51.862,17.901,-10.654,3
-48.355,17.835,-10.515,3
49.843,15.992,-6.6207,3
56.857,15.861,-6.3429,3
-62.585,22.327,-10.467,3
-59.078,22.261,-10.328,3
-55.571,22.195,-10.189,3
-52.064,22.129,-10.05,3
-62.787,26.555,-9.8637,3
-59.28,26.489,-9.7238,3
52.947,24.382,-5.2728,3
56.454,24.317,-5.1338,3
-59.481,30.717,-9.1202,3
-55.974,30.651,-8.9806,3
49.238,28.676,-4.8081,3
52.745,28.611,-4.6692,3
56.252,28.544,-4.5296,3
59.759,28.479,-4.3906,3
-63.19,35.011,-8.6546,3
-59.683,34.945,-8.5159,3
-56.176,34.879,-8.3769,3
35.008,33.168,-4.7601,3
52.544,32.838,-4.0649,3
56.051,32.773,-3.9259,3
-63.391,39.238,-8.0503,3
-59.884,39.173,-7.9113,3
41.821,37.264,-3.8779,3
45.328,37.198,-3.7392,3
55.849,37.001,-3.3213,3
59.356,36.934,-3.1827,3
-63.593,43.467,-7.4466,3
-60.086,43.401,-7.3067,3
-56.579,43.334,-7.1681,3
45.126,41.426,-3.1346,3
52.14,41.295,-2.8557,3
55.648,41.228,-2.7171,3
59.155,41.163,-2.5781,3
-56.78,47.563,-6.5644,3
37.911,45.785,-2.8089,3
44.925,45.654,-2.53,3
51.939,45.522,-2.2524,3
55.446,45.456,-2.1125,3
58.953,45.391,-1.9735,3
-56.982,51.791,-5.9598,3
-53.475,51.725,-5.8212,3
37.709,50.014,-2.2043,3
55.245,49.685,-1.5088,3
-60.69,56.085,-5.4942,3
-57.183,56.019,-5.3556,3
-53.676,55.953,-5.2166,3
26.986,54.439,-2.0177,3
37.508,54.242,-1.5998,3
41.015,54.175,-1.4611,3
44.522,54.11,-1.3221,3
51.536,53.978,-1.0436,3
55.043,53.912,-0.90458,3
-57.385,60.247,-4.751,3
-53.878,60.181,-4.612,3
-46.863,60.049,-4.3344,3
-43.356,59.984,-4.1944,3
-11.793,59.391,-2.9427,3
-1.2716,59.193,-2.5261,3
26.785,58.667,-1.413,3
37.306,58.469,-0.9955,3
40.813,58.404,-0.85652,3
47.827,58.272,-0.57889,3
54.841,58.14,-0.29998,3
-54.079,64.409,-4.0077,3
-47.065,64.278,-3.7298,3
-43.558,64.211,-3.5911,3
-8.4872,63.554,-2.2001,3
5.541,63.29,-1.6439,3
26.583,62.895,-0.80846,3
37.105,62.698,-0.39185,3
40.612,62.632,-0.25192,3
47.626,62.5,0.025704,3
54.64,62.368,0.30333,3
-57.788,68.703,-3.5431,3
-54.281,68.637,-3.4041,3
-50.774,68.571,-3.2642,3
-47.267,68.505,-3.1255,3
-43.759,68.439,-2.9865,3
-40.252,68.374,-2.8476,3
-26.224,68.111,-2.291,3
-22.717,68.044,-2.1524,3
-12.196,67.847,-1.7345,3
-8.6888,67.781,-1.5958,3
5.3395,67.518,-1.0393,3
26.382,67.123,-0.20515,3
29.889,67.057,-0.065223,3
33.396,66.991,0.073761,3
36.903,66.926,0.21275,3
47.424,66.728,0.6303,3
50.931,66.662,0.76894,3
-36.947,72.536,-2.1043,3
-1.8761,71.877,-0.71363,3
15.659,71.549,-0.018105,3
22.673,71.416,0.26046,3
26.18,71.351,0.39945,3
43.716,71.022,1.095,3
47.223,70.956,1.2336,3
50.73,70.89,1.3735,3
-51.177,77.027,-2.0563,3
-40.655,76.829,-1.6387,3
-30.134,76.632,-1.2221,3
-19.613,76.434,-0.80455,3
-16.106,76.369,-0.66557,3
-12.599,76.303,-0.52658,3
18.965,75.71,0.72513,3
22.472,75.645,0.86506,3
32.993,75.447,1.2817,3
-47.871,81.189,-1.313,3
-44.364,81.123,-1.1741,3
-40.857,81.058,-1.0351,3
-37.35,80.991,-0.89548,3
-30.336,80.86,-0.61751,3
-23.322,80.728,-0.33988,3
-19.815,80.662,-0.19996,3
-12.8,80.531,0.077668,3
-9.2933,80.465,0.21665,3
1.2279,80.267,0.6342,3
11.749,80.07,1.0518,3
15.256,80.004,1.1907,3
18.763,79.939,1.3297,3
22.27,79.873,1.4687,3
25.777,79.806,1.6083,3
29.284,79.741,1.7473,3
32.791,79.675,1.8863,3
43.313,79.478,2.3038,3
46.82,79.412,2.4428,3
-37.551,85.22,-0.29183,3
-30.537,85.088,-0.012917,3
-27.03,85.022,0.12573,3
-23.523,84.957,0.26471,3
-13.002,84.759,0.68226,3
-9.4948,84.693,0.82125,3
4.5334,84.43,1.3778,3
8.0405,84.364,1.5164,3
15.055,84.232,1.7953,3
18.562,84.167,1.9343,3
22.069,84.1,2.073,3
25.576,84.035,2.2119,3
29.083,83.969,2.3519,3
-30.739,89.316,0.5904,3
-27.232,89.25,0.73032,3
-23.725,89.185,0.8693,3
-20.218,89.118,1.0079,3
-16.71,89.053,1.1469,3
-6.1893,88.855,1.5645,3
0.82485,88.724,1.8424,3
11.346,88.526,2.26,3
14.853,88.46,2.3986,3
18.36,88.394,2.5386,3
-27.433,93.479,1.334,3
-23.926,93.412,1.4736,3
-20.419,93.347,1.6125,3
-16.912,93.281,1.7515,3
14.652,92.688,3.0032,3
18.159,92.623,3.1422,3
-43.288,-16.919,-11.527,3
-39.781,-16.986,-11.387,3
-4.7101,-17.643,-9.9965,3
5.8111,-17.841,-9.5792,3
37.375,-18.434,-8.3275,3
40.882,-18.5,-8.1883,3
-50.504,-12.56,-11.2,3
-46.996,-12.626,-11.061,3
-36.475,-12.823,-10.644,3
-4.9116,-13.416,-9.3925,3
33.666,-14.14,-7.8624,3
44.187,-14.338,-7.4452,3
-40.184,-8.5294,-10.179,3
-36.677,-8.5958,-10.04,3
-26.156,-8.7926,-9.6227,3
-15.634,-8.9903,-9.2051,3
-8.6202,-9.1222,-8.9275,3
-5.1132,-9.1877,-8.7885,3
5.408,-9.3855,-8.3709,3
12.422,-9.5175,-8.0928,3
15.929,-9.5831,-7.9537,3
19.436,-9.6486,-7.8145,3
33.465,-9.9118,-7.258,3
43.986,-10.11,-6.8408,3
-50.907,-4.1044,-9.9925,3
1.6995,-5.0918,-7.9053,3
43.784,-5.8812,-6.2365,3
50.798,-6.0132,-5.9585,3
-58.122,0.25515,-9.6668,3
29.554,-1.3906,-6.1889,3
33.062,-1.4561,-6.0499,3
50.597,-1.7849,-5.354,3
-47.803,4.2858,-8.6446,3
-23.253,3.8252,-7.6714,3
22.339,2.9694,-5.8631,3
36.367,2.7061,-5.3066,3
46.888,2.5085,-4.889,3
50.395,2.4428,-4.7501,3
53.902,2.377,-4.6112,3
-58.525,8.7113,-8.4577,3
18.63,7.2631,-5.3975,3
43.18,6.8025,-4.4243,3
50.194,6.6706,-4.1456,3
53.701,6.6048,-4.0067,3
57.208,6.5391,-3.8678,3
-55.22,12.873,-7.7143,3
11.415,11.623,-5.0717,3
49.992,10.899,-3.5411,3
53.499,10.833,-3.4022,3
57.006,10.767,-3.2634,3
-55.421,17.101,-7.1099,3
-51.914,17.035,-6.971,3
-48.407,16.97,-6.8321,3
7.706,15.916,-4.6061,3
56.805,14.995,-2.6589,3
-62.637,21.461,-6.7841,3
-59.13,21.396,-6.6451,3
-55.623,21.329,-6.5065,3
-52.116,21.263,-6.3665,3
53.096,19.289,-2.1942,3
56.603,19.223,-2.0553,3
-55.824,25.557,-5.9019,3
-52.317,25.492,-5.7629,3
52.895,23.517,-1.5898,3
56.402,23.451,-1.4509,3
-56.026,29.786,-5.2973,3
-52.519,29.719,-5.1586,3
59.707,27.613,-0.70762,3
-63.241,34.145,-4.9716,3
-59.734,34.08,-4.8326,3
-52.72,33.947,-4.554,3
55.999,31.907,-0.24202,3
59.506,31.841,-0.10303,3
-63.443,38.373,-4.367,3
-59.936,38.307,-4.2284,3
-17.851,37.517,-2.5587,3
52.29,36.2,0.22265,3
55.797,36.135,0.36164,3
59.304,36.069,0.50156,3
-60.137,42.535,-3.6238,3
-14.546,41.679,-1.8155,3
55.596,40.363,0.96623,3
59.103,40.297,1.1049,3
-60.339,46.764,-3.0201,3
-56.832,46.697,-2.8805,3
-53.325,46.631,-2.7415,3
-11.24,45.842,-1.0719,3
2.7883,45.578,-0.51668,3
51.887,44.656,1.4315,3
55.394,44.59,1.5705,3
58.901,44.525,1.7095,3
-64.047,51.056,-2.5548,3
-60.54,50.991,-2.4159,3
-57.033,50.925,-2.2769,3
-7.9344,50.004,-0.32963,3
2.5868,49.806,0.087918,3
6.0939,49.741,0.2269,3
48.179,48.95,1.8962,3
51.686,48.885,2.0351,3
55.193,48.819,2.1741,3
58.7,48.753,2.3141,3
-60.742,55.219,-1.8113,3
-57.235,55.154,-1.6723,3
-11.643,54.298,0.13598,3
-8.1359,54.232,0.27496,3
5.8924,53.968,0.83115,3
47.977,53.178,2.5008,3
51.484,53.113,2.6397,3
54.991,53.046,2.7784,3
-60.943,59.446,-1.207,3
-57.436,59.381,-1.068,3
-53.929,59.315,-0.92904,3
-22.366,58.723,0.32268,3
-4.8304,58.394,1.0182,3
-1.3233,58.328,1.1572,3
40.762,57.538,2.8264,3
47.776,57.407,3.1044,3
51.283,57.34,3.244,3
54.79,57.275,3.383,3
-57.638,63.609,-0.46343,3
-54.131,63.544,-0.32445,3
-50.624,63.477,-0.1858,3
-47.117,63.412,-0.046818,3
-5.0319,62.622,1.6228,3
-1.5248,62.556,1.7614,3
8.9964,62.358,2.179,3
37.053,61.831,3.2921,3
47.574,61.634,3.7087,3
51.081,61.569,3.8476,3
-54.332,67.771,0.27981,3
-50.825,67.705,0.41879,3
-47.318,67.64,0.55778,3
-43.811,67.573,0.69642,3
-40.304,67.508,0.8354,3
-5.2334,66.849,2.227,3
1.7807,66.718,2.505,3
12.302,66.521,2.9226,3
15.809,66.454,3.0612,3
33.344,66.126,3.7567,3
36.851,66.06,3.8957,3
40.358,65.995,4.0347,3
43.866,65.928,4.1743,3
47.373,65.862,4.3133,3
50.88,65.797,4.4523,3
-40.506,71.736,1.44,3
-8.942,71.143,2.6917,3
15.607,70.682,3.6658,3
33.143,70.354,4.3613,3
40.157,70.222,4.639,3
-51.228,76.161,1.6267,3
-47.721,76.096,1.7657,3
-44.214,76.03,1.9056,3
1.3777,75.174,3.7139,3
11.899,74.977,4.1305,3
22.42,74.779,4.548,3
32.941,74.581,4.9646,3
36.448,74.516,5.1046,3
-44.416,80.257,2.5089,3
-37.402,80.126,2.7878,3
-33.894,80.06,2.9265,3
-30.387,79.994,3.0655,3
-12.852,79.666,3.761,3
-5.838,79.533,4.0395,3
-2.3309,79.468,4.1785,3
1.1762,79.402,4.3175,3
4.6832,79.336,4.4562,3
8.1903,79.27,4.5961,3
11.697,79.205,4.7351,3
25.726,78.941,5.2916,3
32.74,78.809,5.5692,3
36.247,78.744,5.7082,3
39.754,78.677,5.8478,3
43.261,78.612,5.9868,3
46.768,78.546,6.1258,3
-37.603,84.353,3.3921,3
-30.589,84.222,3.67,3
-27.082,84.156,3.8087,3
-20.068,84.025,4.0876,3
-16.561,83.959,4.2266,3
-6.0395,83.762,4.6441,3
-2.5324,83.695,4.7828,3
4.4817,83.564,5.0607,3
7.9888,83.499,5.1997,3
18.51,83.301,5.6173,3
22.017,83.236,5.7563,3
25.524,83.169,5.8949,3
29.031,83.103,6.0348,3
32.538,83.038,6.1738,3
-27.283,88.384,4.4133,3
-20.269,88.253,4.6913,3
-16.762,88.187,4.8308,3
0.77315,87.858,5.5264,3
11.294,87.66,5.943,3
14.801,87.595,6.0829,3
18.308,87.528,6.2215,3
-23.978,92.546,5.1565,3
-20.471,92.481,5.2955,3
-16.964,92.415,5.4345,3
-13.457,92.349,5.5744,3
0.57163,92.086,6.13,3
4.0787,92.02,6.2696,3
7.5858,91.954,6.4086,3
11.093,91.889,6.5476,3
-24.179,96.774,5.7611,3
-4.1573,-31.193,-8.126,3
6.3639,-31.391,-7.7088,3
-14.88,-26.768,-7.9392,3
-11.373,-26.834,-7.8,3
2.6553,-27.097,-7.2436,3
16.684,-27.36,-6.6872,3
-29.11,-22.277,-7.8914,3
-25.603,-22.343,-7.7521,3
-22.096,-22.408,-7.6129,3
-1.0532,-22.803,-6.7785,3
2.4538,-22.869,-6.6393,3
16.482,-23.133,-6.0832,3
-43.34,-17.785,-7.8434,3
-18.79,-18.246,-6.8698,3
-1.2548,-18.575,-6.1742,3
2.2523,-18.642,-6.0352,3
26.802,-19.102,-5.0616,3
30.309,-19.168,-4.9224,3
33.816,-19.233,-4.7832,3
-50.555,-13.426,-7.5174,3
-33.02,-13.755,-6.8218,3
40.629,-15.137,-3.9009,3
44.136,-15.203,-3.7617,3
-50.757,-9.1977,-6.9131,3
-40.236,-9.3954,-6.4958,3
43.934,-10.975,-3.1576,3
47.441,-11.041,-3.0185,3
-54.465,-4.9039,-6.448,3
-36.93,-5.2336,-5.7527,3
36.718,-6.6159,-2.8317,3
43.733,-6.7471,-2.5533,3
47.24,-6.8126,-2.4141,3
50.747,-6.8791,-2.2753,3
-58.174,-0.61012,-5.9825,3
29.503,-2.2556,-2.5054,3
36.517,-2.3877,-2.2273,3
50.545,-2.6509,-1.6709,3
-58.375,3.6178,-5.3791,3
-54.868,3.5517,-5.2393,3
-2.2623,2.5644,-3.1532,3
39.822,1.7745,-1.4841,3
43.33,1.7087,-1.345,3
46.837,1.6428,-1.2058,3
50.344,1.577,-1.0668,3
-41.042,7.5165,-4.0793,3
-2.4639,6.7924,-2.549,3
43.128,5.9366,-0.74072,3
57.156,5.6733,-0.18441,3
-58.778,12.073,-4.1702,3
-2.6654,11.021,-1.9451,3
53.448,9.9671,0.2807,3
56.955,9.9012,0.41986,3
-62.487,16.367,-3.7056,3
-55.473,16.236,-3.4268,3
-51.966,16.17,-3.2879,3
-41.445,15.972,-2.8703,3
46.232,14.327,0.60673,3
49.739,14.261,0.74584,3
53.246,14.195,0.885,3
-55.674,20.464,-2.8222,3
-52.167,20.398,-2.6836,3
-48.66,20.332,-2.5446,3
53.045,18.423,1.4889,3
-62.89,24.823,-2.4965,3
-52.369,24.626,-2.0799,3
-48.862,24.56,-1.94,3
45.829,22.782,1.8155,3
52.843,22.651,2.0931,3
56.35,22.585,2.2321,3
59.857,22.519,2.372,3
-59.585,28.985,-1.7533,3
-56.077,28.92,-1.6143,3
-52.57,28.854,-1.4753,3
-49.063,28.788,-1.3367,3
45.627,27.011,2.4192,3
56.149,26.813,2.8367,3
59.656,26.748,2.9757,3
-63.293,33.279,-1.2886,3
-56.279,33.148,-1.0097,3
52.44,31.107,3.3023,3
55.947,31.041,3.4409,3
59.454,30.975,3.5799,3
-63.495,37.508,-0.68403,3
-56.481,37.376,-0.40641,3
-52.973,37.31,-0.26648,3
-49.466,37.244,-0.1275,3
55.746,35.269,4.0455,3
59.253,35.203,4.1845,3
-63.696,41.735,-0.07978,3
-60.189,41.669,0.059205,3
-14.597,40.813,1.8675,3
52.037,39.563,4.5102,3
55.544,39.497,4.6492,3
59.051,39.431,4.7878,3
-63.898,45.963,0.52387,3
-56.884,45.831,0.80244,3
-53.376,45.766,0.94143,3
-49.869,45.7,1.0804,3
-11.292,44.976,2.611,3
-7.7846,44.91,2.75,3
-0.77045,44.779,3.0276,3
51.836,43.791,5.1148,3
55.343,43.725,5.2534,3
58.85,43.659,5.3924,3
-64.099,50.191,1.1285,3
-57.085,50.059,1.407,3
-53.578,49.994,1.546,3
-50.071,49.928,1.685,3
55.141,47.953,5.858,3
58.648,47.887,5.997,3
-60.794,54.353,1.8717,3
-53.78,54.221,2.1503,3
-50.272,54.156,2.2893,3
47.925,52.312,6.1837,3
58.447,52.115,6.6013,3
-60.995,58.581,2.4763,3
-57.488,58.515,2.6149,3
-53.981,58.45,2.7539,3
-1.375,57.462,4.8411,3
2.1321,57.397,4.9801,3
47.724,56.541,6.7883,3
51.231,56.475,6.9273,3
54.738,56.409,7.0659,3
-61.197,62.809,3.0806,3
-57.69,62.743,3.2195,3
-50.675,62.611,3.4972,3
-47.168,62.546,3.6362,3
-12.098,61.887,5.0278,3
-8.5907,61.822,5.1668,3
37.001,60.966,6.975,3
40.508,60.9,7.114,3
51.029,60.702,7.5316,3
-43.863,66.709,4.3797,3
-22.82,66.313,5.2148,3
-12.299,66.116,5.6314,3
33.293,65.26,7.4397,3
36.8,65.194,7.5787,3
40.307,65.128,7.7186,3
47.321,64.996,7.9962,3
50.828,64.931,8.1352,3
54.335,64.865,8.2751,3
-51.079,71.068,4.7063,3
-47.571,71.002,4.8453,3
-44.064,70.936,4.984,3
-5.4866,70.212,6.5146,3
5.0346,70.014,6.9312,3
8.5416,69.949,7.0702,3
12.049,69.883,7.2101,3
15.556,69.817,7.3488,3
36.598,69.422,8.1833,3
40.105,69.356,8.3219,3
43.612,69.29,8.4618,3
-51.28,75.295,5.3097,3
-47.773,75.23,5.4496,3
-44.266,75.164,5.5886,3
-16.209,74.638,6.7016,3
-9.1952,74.506,6.9793,3
-5.6881,74.44,7.1183,3
-2.1811,74.374,7.2569,3
1.326,74.308,7.3968,3
4.8331,74.243,7.5358,3
32.89,73.716,8.6489,3
36.397,73.65,8.7875,3
43.411,73.519,9.0655,3
46.918,73.452,9.2051,3
-40.96,79.326,6.3318,3
-37.453,79.26,6.4708,3
-33.946,79.195,6.6098,3
-30.439,79.129,6.7484,3
-26.932,79.063,6.8883,3
-12.904,78.799,7.4449,3
-9.3967,78.734,7.5839,3
-5.8897,78.668,7.7225,3
-2.3826,78.602,7.8615,3
1.1245,78.537,8.0005,3
4.6315,78.471,8.1404,3
11.646,78.339,8.418,3
22.167,78.141,8.8356,3
25.674,78.076,8.9746,3
36.195,77.878,9.3921,3
39.702,77.812,9.5311,3
43.209,77.746,9.6698,3
-41.162,83.554,6.9355,3
-23.627,83.224,7.6316,3
-16.612,83.093,7.9096,3
-6.0912,82.896,8.3271,3
4.43,82.698,8.7437,3
7.9371,82.632,8.8836,3
18.458,82.435,9.3003,3
21.965,82.37,9.4392,3
25.472,82.303,9.5788,3
28.979,82.237,9.7178,3
32.487,82.172,9.8568,3
35.994,82.106,9.9958,3
-20.321,87.387,8.3752,3
-16.814,87.322,8.5142,3
-13.307,87.255,8.6528,3
-9.7998,87.19,8.7918,3
-6.2927,87.124,8.9308,3
0.72144,86.992,9.2093,3
4.2285,86.927,9.3483,3
7.7356,86.861,9.4873,3
11.243,86.794,9.6269,3
25.271,86.531,10.182,3
-13.508,91.483,9.2574,3
0.51992,91.22,9.8139,3
7.5341,91.088,10.091,3
-10.203,95.645,10.001,3
10.424,-45.007,-5.699,3
6.7153,-40.713,-5.2339,3
10.222,-40.778,-5.0947,3
-35.571,-35.695,-6.2989,3
-11.022,-36.156,-5.3252,3
-7.5145,-36.221,-5.186,3
3.0067,-36.419,-4.7687,3
-39.28,-31.401,-5.8337,3
-0.70191,-32.125,-4.3036,3
2.8052,-32.191,-4.1644,3
16.833,-32.455,-3.6083,3
-39.481,-27.173,-5.2294,3
-32.467,-27.305,-4.9513,3
-25.453,-27.436,-4.673,3
-21.946,-27.502,-4.5341,3
-0.90343,-27.897,-3.6993,3
20.139,-28.292,-2.8648,3
-22.147,-23.274,-3.9298,3
-11.626,-23.472,-3.5125,3
-1.1049,-23.669,-3.0953,3
30.459,-24.261,-1.8433,3
33.966,-24.328,-1.7044,3
-43.391,-18.651,-4.1602,3
-39.884,-18.717,-4.0211,3
40.778,-20.231,-0.82203,3
-50.607,-14.292,-3.8343,3
44.084,-16.069,-0.078493,3
47.591,-16.135,0.060356,3
-47.301,-10.129,-3.0908,3
-43.794,-10.195,-2.9516,3
-36.78,-10.327,-2.6735,3
-29.766,-10.459,-2.3955,3
40.375,-11.775,0.38665,3
47.389,-11.907,0.66469,3
-54.517,-5.7698,-2.7648,3
-51.01,-5.8354,-2.6256,3
-43.996,-5.9675,-2.3476,3
50.695,-7.7451,1.4079,3
-54.719,-1.5419,-2.1606,3
-40.69,-1.8052,-1.6042,3
36.465,-3.2536,1.4558,3
46.986,-3.4512,1.873,3
50.493,-3.5168,2.0122,3
-58.427,2.752,-1.6955,3
36.264,0.97461,2.0601,3
39.771,0.90877,2.1992,3
50.292,0.71133,2.6165,3
-55.122,6.914,-0.95216,3
-62.337,11.274,-0.62619,3
-58.83,11.208,-0.48702,3
-44.802,10.945,0.069258,3
-2.7171,10.155,1.7385,3
35.861,9.4306,3.2685,3
-62.539,15.502,-0.021541,3
-59.032,15.436,0.11734,3
25.138,13.856,3.4554,3
49.687,13.395,4.4291,3
-62.74,19.729,0.58184,3
-59.233,19.663,0.72176,3
49.486,17.623,5.0332,3
-62.942,23.958,1.1864,3
-59.435,23.892,1.3254,3
-38.392,23.497,2.1605,3
52.791,21.786,5.7767,3
56.299,21.719,5.9155,3
-63.143,28.186,1.791,3
-56.129,28.054,2.0686,3
-3.5232,27.067,4.1549,3
49.083,26.079,6.2419,3
52.59,26.013,6.3807,3
-63.345,32.413,2.3943,3
-59.838,32.348,2.5343,3
48.881,30.307,6.8458,3
52.388,30.241,6.9851,3
55.895,30.176,7.1243,3
-63.546,36.642,2.9989,3
-60.039,36.576,3.1379,3
-56.532,36.509,3.2775,3
-53.025,36.444,3.4165,3
-49.518,36.378,3.5555,3
48.68,34.535,7.4499,3
52.187,34.47,7.5894,3
59.201,34.337,7.8674,3
-63.748,40.87,3.6035,3
-56.734,40.738,3.8812,3
-53.227,40.672,4.0211,3
-49.72,40.607,4.1601,3
-7.6348,39.816,5.8284,3
-0.62064,39.685,6.1073,3
48.478,38.763,8.0545,3
51.985,38.697,8.1932,3
55.492,38.632,8.3322,3
59,38.566,8.4721,3
-63.949,45.097,4.2078,3
-60.442,45.032,4.3468,3
-56.935,44.966,4.4858,3
48.277,42.991,8.6588,3
51.784,42.925,8.7978,3
55.291,42.86,8.9368,3
58.798,42.793,9.0754,3
-64.151,49.326,4.8114,3
-60.644,49.26,4.9514,3
-57.137,49.193,5.09,3
-53.63,49.128,5.229,3
-50.123,49.062,5.368,3
48.075,47.219,9.2624,3
55.089,47.087,9.541,3
-60.845,53.487,5.5547,3
-53.831,53.356,5.8336,3
-50.324,53.29,5.9722,3
-4.7323,52.434,7.7808,3
47.874,51.447,9.867,3
51.381,51.381,10.006,3
54.888,51.315,10.146,3
-61.047,57.716,6.1593,3
-57.54,57.65,6.2983,3
-54.033,57.584,6.4369,3
-50.526,57.518,6.5768,3
47.672,55.675,10.471,3
51.179,55.609,10.61,3
58.193,55.477,10.889,3
-57.741,61.877,6.9025,3
-54.234,61.812,7.0415,3
-50.727,61.746,7.1805,3
-47.22,61.68,7.3201,3
-43.713,61.614,7.459,3
-1.6282,60.825,9.1287,3
40.457,60.034,10.797,3
54.485,59.771,11.354,3
-50.929,65.974,7.7847,3
-43.915,65.842,8.0636,3
-40.407,65.777,8.2026,3
-22.872,65.447,8.8978,3
-15.858,65.316,9.1758,3
36.748,64.328,11.263,3
40.255,64.263,11.402,3
47.269,64.13,11.679,3
54.283,63.999,11.958,3
-40.609,70.004,8.8069,3
-12.552,69.478,9.919,3
-2.0313,69.28,10.337,3
36.546,68.556,11.866,3
40.054,68.491,12.006,3
43.561,68.424,12.145,3
-51.332,74.43,8.9939,3
-40.811,74.233,9.4105,3
-12.754,73.706,10.524,3
-9.2469,73.64,10.662,3
1.2743,73.442,11.08,3
32.838,72.85,12.332,3
36.345,72.785,12.471,3
39.852,72.718,12.61,3
-48.026,78.592,9.7371,3
-44.519,78.526,9.8761,3
-41.012,78.46,10.015,3
-33.998,78.329,10.293,3
-30.491,78.263,10.433,3
-26.984,78.197,10.571,3
-19.97,78.066,10.849,3
-16.463,77.999,10.989,3
-5.9414,77.803,11.406,3
-2.4343,77.736,11.544,3
1.0728,77.67,11.684,3
4.5798,77.605,11.823,3
15.101,77.407,12.241,3
25.622,77.21,12.658,3
32.636,77.078,12.936,3
46.665,76.814,13.493,3
-37.706,82.623,10.758,3
-34.199,82.557,10.897,3
-23.678,82.359,11.315,3
-20.171,82.293,11.454,3
-16.664,82.228,11.592,3
-13.157,82.162,11.732,3
-9.65,82.096,11.871,3
-6.1429,82.03,12.01,3
0.87125,81.899,12.288,3
4.3783,81.832,12.428,3
7.8854,81.767,12.567,3
11.392,81.701,12.706,3
14.9,81.636,12.845,3
28.928,81.371,13.401,3
32.435,81.306,13.54,3
35.942,81.24,13.68,3
39.449,81.175,13.819,3
-34.401,86.784,11.502,3
-20.373,86.521,12.058,3
-16.866,86.456,12.197,3
-13.359,86.39,12.336,3
-9.8515,86.324,12.475,3
-6.3444,86.258,12.615,3
0.66973,86.126,12.892,3
4.1768,86.061,13.031,3
7.6839,85.995,13.171,3
14.698,85.863,13.449,3
32.233,85.534,14.144,3
35.74,85.469,14.283,3
-17.067,90.683,12.801,3
-13.56,90.618,12.94,3
-6.5459,90.487,13.218,3
3.9753,90.289,13.636,3
7.4823,90.222,13.774,3
10.989,90.157,13.914,3
7.2808,94.451,14.379,3
-10.469,-49.706,-3.4547,3
7.0666,-50.034,-2.7591,3
14.081,-50.166,-2.481,3
-10.67,-45.477,-2.8504,3
-3.6561,-45.609,-2.5723,3
6.8651,-45.806,-2.1548,3
-31.914,-40.855,-3.0809,3
-7.3647,-41.315,-2.1072,3
6.6635,-41.579,-1.5507,3
10.171,-41.644,-1.4116,3
17.185,-41.776,-1.1335,3
-35.623,-36.561,-2.6157,3
-18.087,-36.889,-1.9201,3
-14.58,-36.955,-1.7809,3
2.955,-37.285,-1.0856,3
20.49,-37.614,-0.38997,3
27.504,-37.745,-0.11196,3
31.012,-37.811,0.02721,3
34.519,-37.877,0.16648,3
-42.838,-32.2,-2.2894,3
-28.81,-32.465,-1.7333,3
-25.303,-32.53,-1.5941,3
-21.796,-32.596,-1.455,3
-4.2607,-32.925,-0.75971,3
-0.75362,-32.991,-0.62044,3
34.317,-33.649,0.77045,3
37.824,-33.715,0.90962,3
-43.04,-27.973,-1.6855,3
-39.533,-28.039,-1.5462,3
-36.026,-28.104,-1.407,3
-29.012,-28.236,-1.129,3
-25.505,-28.302,-0.98984,3
-21.998,-28.368,-0.85092,3
30.608,-29.355,1.2356,3
-39.734,-23.81,-0.94188,3
-36.227,-23.877,-0.80305,3
-22.199,-24.14,-0.2466,3
37.421,-25.259,2.1179,3
40.928,-25.325,2.2572,3
44.234,-21.163,3.0003,3
-43.645,-15.289,0.12724,3
-36.63,-15.42,0.40562,3
-1.5597,-16.079,1.7966,3
26.497,-16.606,2.909,3
30.004,-16.672,3.0483,3
33.511,-16.737,3.1875,3
37.018,-16.803,3.3266,3
44.032,-16.935,3.6046,3
-50.86,-10.93,0.4532,3
-33.325,-11.258,1.1488,3
33.309,-12.509,3.7918,3
40.324,-12.641,4.0698,3
47.338,-12.773,4.3479,3
50.845,-12.838,4.487,3
-54.569,-6.6357,0.91834,3
-47.555,-6.7669,1.1967,3
-40.54,-6.8989,1.4748,3
33.108,-8.2813,4.3957,3
43.629,-8.479,4.813,3
50.643,-8.6101,5.0913,3
-54.77,-2.4075,1.5226,3
-47.756,-2.5392,1.8009,3
-44.249,-2.605,1.94,3
-40.742,-2.6708,2.079,3
-2.1642,-3.395,3.609,3
50.442,-4.3823,5.6955,3
-54.972,1.8204,2.1268,3
-51.465,1.7546,2.266,3
39.719,0.043117,5.8824,3
46.733,-0.088567,6.1606,3
50.24,-0.15441,6.2997,3
-62.187,6.1801,2.4529,3
-58.68,6.1143,2.5919,3
-51.666,5.9826,2.8702,3
46.532,4.1395,6.7648,3
50.039,4.0736,6.9039,3
53.546,4.0078,7.043,3
-55.375,10.276,3.3353,3
-41.347,10.013,3.8917,3
39.316,8.4991,7.0909,3
49.837,8.3015,7.5081,3
53.344,8.2357,7.6472,3
-62.59,14.636,3.6613,3
-52.069,14.438,4.0785,3
-41.548,14.241,4.4959,3
-2.9703,13.517,6.0259,3
35.607,12.793,7.556,3
39.114,12.727,7.6951,3
56.65,12.398,8.3905,3
-62.792,18.864,4.2656,3
-59.285,18.798,4.4044,3
-55.778,18.732,4.5436,3
-48.764,18.601,4.8221,3
-41.75,18.469,5.1001,3
35.406,17.021,8.1603,3
56.448,16.626,8.9947,3
-59.486,23.026,5.0088,3
-38.444,22.631,5.8433,3
52.74,20.92,9.4599,3
-63.195,27.32,5.4739,3
-59.688,27.254,5.6132,3
-52.674,27.122,5.8912,3
56.045,25.081,10.203,3
59.552,25.016,10.342,3
-63.397,31.548,6.0786,3
-59.889,31.482,6.2172,3
-56.382,31.416,6.3563,3
59.351,29.244,10.947,3
-63.598,35.776,6.6819,3
-7.485,34.723,8.9079,3
-3.9779,34.656,9.0468,3
55.642,33.538,11.412,3
-63.8,40.004,7.2865,3
-60.293,39.938,7.4255,3
-56.785,39.872,7.5651,3
58.948,37.7,12.155,3
-64.001,44.232,7.8911,3
-60.494,44.166,8.0297,3
55.239,41.994,12.62,3
58.746,41.928,12.759,3
-60.696,48.394,8.6343,3
-57.188,48.328,8.7733,3
-53.681,48.262,8.9119,3
-22.118,47.67,10.164,3
51.531,46.288,13.085,3
-60.897,52.622,9.2389,3
-57.39,52.556,9.3776,3
-53.883,52.49,9.5166,3
-46.869,52.358,9.7942,3
44.315,50.647,13.411,3
47.822,50.581,13.55,3
51.329,50.515,13.689,3
54.836,50.449,13.828,3
58.343,50.384,13.968,3
-61.099,56.85,9.8422,3
-57.592,56.784,9.9812,3
-54.084,56.718,10.121,3
-50.577,56.652,10.26,3
-47.07,56.587,10.399,3
-1.4784,55.73,12.207,3
16.057,55.402,12.902,3
19.564,55.336,13.041,3
47.621,54.809,14.154,3
-61.3,61.078,10.447,3
-57.793,61.013,10.586,3
-54.286,60.946,10.725,3
-43.765,60.748,11.142,3
43.912,59.103,14.62,3
50.926,58.972,14.898,3
54.433,58.905,15.037,3
-54.487,65.174,11.329,3
-50.98,65.109,11.468,3
-47.473,65.042,11.608,3
-43.966,64.977,11.747,3
-40.459,64.911,11.886,3
-19.417,64.516,12.72,3
43.71,63.331,15.223,3
47.217,63.265,15.363,3
50.725,63.199,15.502,3
54.232,63.133,15.641,3
-23.125,68.81,13.185,3
-16.111,68.678,13.463,3
-5.59,68.481,13.881,3
8.4382,68.217,14.437,3
32.988,67.756,15.41,3
36.495,67.69,15.55,3
40.002,67.625,15.689,3
43.509,67.559,15.828,3
47.016,67.493,15.967,3
-40.862,73.367,13.094,3
-33.848,73.236,13.372,3
-23.327,73.038,13.79,3
-19.82,72.971,13.929,3
-9.2986,72.775,14.345,3
11.744,72.379,15.181,3
15.251,72.314,15.32,3
39.8,71.853,16.294,3
-41.064,77.595,13.698,3
-30.543,77.397,14.116,3
-16.514,77.134,14.672,3
-13.007,77.068,14.811,3
-9.5001,77.002,14.95,3
-5.9931,76.937,15.089,3
-2.486,76.871,15.229,3
1.0211,76.805,15.367,3
4.5281,76.739,15.506,3
11.542,76.607,15.784,3
15.049,76.541,15.924,3
25.571,76.344,16.34,3
-37.758,81.757,14.441,3
-27.237,81.559,14.859,3
-13.209,81.296,15.415,3
-9.7017,81.23,15.554,3
-6.1946,81.165,15.693,3
4.3266,80.967,16.111,3
25.369,80.572,16.945,3
-34.453,85.919,15.185,3
-23.931,85.722,15.602,3
-20.424,85.655,15.741,3
-16.917,85.59,15.88,3
11.139,85.064,16.993,3
14.646,84.997,17.132,3
18.153,84.932,17.271,3
28.675,84.734,17.688,3
-20.626,89.884,16.346,3
-17.119,89.818,16.485,3
-10.105,89.686,16.762,3
7.4306,89.358,17.458,3
14.445,89.225,17.736,3
-10.319,-54.799,-0.376,3
-7.0134,-50.637,0.36724,3
-3.5063,-50.703,0.50716,3
14.029,-51.031,1.2027,3
-35.271,-45.882,-0.14124,3
-17.736,-46.211,0.55428,3
-14.229,-46.277,0.69421,3
-3.7078,-46.474,1.1108,3
17.335,-46.87,1.9459,3
-35.473,-41.654,0.46345,3
-31.966,-41.72,0.60262,3
-24.952,-41.852,0.88072,3
-21.445,-41.917,1.0199,3
-0.4023,-42.312,1.854,3
6.6118,-42.444,2.133,3
34.668,-42.971,3.2457,3
-35.674,-37.426,1.0678,3
-28.66,-37.558,1.3459,3
-25.153,-37.623,1.485,3
-21.646,-37.69,1.6239,3
-4.1109,-38.019,2.3195,3
2.9033,-38.151,2.5973,3
6.4103,-38.216,2.7363,3
37.974,-38.808,3.9883,3
-46.397,-33.001,1.2546,3
-32.369,-33.264,1.811,3
44.787,-34.712,4.8715,3
-29.063,-29.102,2.5541,3
27.05,-30.155,4.7799,3
30.557,-30.221,4.9187,3
34.064,-30.287,5.0579,3
44.585,-30.484,5.4748,3
-46.8,-24.545,2.4628,3
-43.293,-24.611,2.6021,3
40.876,-26.191,5.9403,3
44.384,-26.256,6.0795,3
-50.509,-20.251,2.928,3
-43.495,-20.382,3.2064,3
44.182,-22.028,6.6838,3
43.98,-17.8,7.2878,3
-40.391,-11.992,4.554,3
33.258,-13.375,7.4749,3
50.592,-9.476,8.7745,3
-51.315,-3.339,5.345,3
-44.301,-3.4707,5.6232,3
-55.023,0.95474,5.8101,3
-51.516,0.88889,5.9492,3
-44.502,0.7573,6.2274,3
-40.995,0.69146,6.3665,3
43.174,-0.88837,9.7047,3
-55.225,5.1827,6.4143,3
-44.704,4.9852,6.8316,3
49.987,3.2079,10.587,3
-62.441,9.5424,6.7403,3
-58.934,9.4765,6.8795,3
-51.919,9.3448,7.1576,3
-48.412,9.279,7.2967,3
-44.905,9.2132,7.4357,3
39.264,7.6333,10.774,3
49.786,7.4359,11.191,3
-59.135,13.704,7.4836,3
-55.628,13.639,7.6227,3
-52.121,13.573,7.7618,3
-48.614,13.507,7.901,3
-41.6,13.375,8.1791,3
39.063,11.861,11.378,3
-59.337,17.933,8.0879,3
-52.322,17.801,8.366,3
-45.308,17.67,8.6444,3
49.382,15.892,12.4,3
56.397,15.76,12.678,3
-59.538,22.16,8.6919,3
-52.524,22.029,8.9703,3
-38.496,21.766,9.5268,3
56.195,19.988,13.282,3
-63.247,26.454,9.157,3
-38.697,25.993,10.131,3
52.487,24.282,13.747,3
55.994,24.216,13.887,3
59.501,24.15,14.025,3
-63.448,30.682,9.7615,3
-59.941,30.617,9.9006,3
-56.434,30.55,10.04,3
-49.42,30.419,10.318,3
-35.392,30.156,10.874,3
-3.8281,29.563,12.126,3
41.764,28.707,13.934,3
55.792,28.444,14.491,3
59.299,28.378,14.63,3
-63.65,34.911,10.366,3
-60.143,34.844,10.505,3
-42.607,34.515,11.2,3
-7.5367,33.857,12.591,3
-4.0296,33.791,12.73,3
38.055,33.001,14.399,3
52.083,32.738,14.956,3
55.591,32.672,15.095,3
59.098,32.607,15.234,3
-63.851,39.138,10.97,3
-60.344,39.072,11.109,3
34.347,37.295,14.864,3
51.882,36.966,15.56,3
55.389,36.901,15.699,3
-64.053,43.366,11.574,3
-60.546,43.301,11.713,3
-57.039,43.234,11.852,3
55.187,41.128,16.303,3
58.695,41.062,16.442,3
-60.747,47.528,12.317,3
-57.24,47.462,12.457,3
-22.17,46.804,13.847,3
19.915,46.014,15.517,3
-57.442,51.691,13.061,3
12.7,50.374,15.843,3
51.277,49.65,17.373,3
-61.15,55.984,13.525,3
-57.643,55.918,13.665,3
-47.122,55.721,14.082,3
-43.615,55.655,14.222,3
44.062,54.009,17.699,3
-57.845,60.147,14.269,3
-47.324,59.949,14.686,3
-43.816,59.883,14.825,3
-40.309,59.817,14.964,3
36.846,58.369,18.024,3
43.86,58.238,18.303,3
47.367,58.171,18.442,3
50.874,58.106,18.581,3
54.381,58.04,18.72,3
-58.046,64.374,14.873,3
-54.539,64.308,15.012,3
-51.032,64.243,15.152,3
-47.525,64.177,15.291,3
-44.018,64.111,15.43,3
-40.511,64.045,15.569,3
-5.4402,63.387,16.959,3
40.152,62.532,18.768,3
50.673,62.334,19.185,3
-51.234,68.471,15.756,3
-47.727,68.405,15.894,3
-44.219,68.339,16.034,3
-5.6418,67.615,17.564,3
32.936,66.891,19.095,3
36.443,66.825,19.233,3
-33.9,72.37,17.055,3
-30.393,72.303,17.194,3
-19.872,72.106,17.612,3
-12.857,71.975,17.89,3
-5.8433,71.843,18.168,3
-2.3362,71.777,18.307,3
18.706,71.383,19.142,3
22.213,71.316,19.281,3
32.734,71.118,19.698,3
-41.115,76.729,17.381,3
-37.608,76.663,17.521,3
-34.101,76.597,17.66,3
-30.594,76.531,17.799,3
-27.087,76.466,17.938,3
-13.059,76.203,18.494,3
-2.5377,76.005,18.912,3
18.505,75.61,19.746,3
25.519,75.479,20.025,3
32.533,75.347,20.302,3
36.04,75.281,20.441,3
-41.317,80.957,17.986,3
-37.81,80.891,18.124,3
-34.303,80.825,18.264,3
-2.7392,80.233,19.516,3
0.76783,80.167,19.655,3
4.2749,80.101,19.794,3
11.289,79.969,20.072,3
14.796,79.904,20.211,3
18.303,79.838,20.35,3
25.317,79.706,20.628,3
32.331,79.575,20.907,3
-34.504,85.054,18.868,3
-23.983,84.856,19.285,3
-20.476,84.79,19.424,3
-16.969,84.724,19.563,3
0.56631,84.395,20.259,3
14.595,84.132,20.815,3
18.102,84.065,20.955,3
25.116,83.934,21.233,3
28.623,83.869,21.372,3
-20.678,89.018,20.029,3
-17.171,88.952,20.168,3
24.914,88.163,21.837,3
-24.399,-55.402,2.7514,3
-20.892,-55.467,2.8904,3
-35.122,-50.976,2.9384,3
-31.615,-51.041,3.0774,3
-24.6,-51.173,3.356,3
-21.093,-51.239,3.4949,3
-17.586,-51.305,3.6336,3
-14.079,-51.371,3.7726,3
-3.558,-51.569,4.1901,3
10.47,-51.832,4.7467,3
17.484,-51.963,5.0246,3
20.991,-52.029,5.1633,3
24.499,-52.095,5.3032,3
-35.323,-46.748,3.543,3
-7.2666,-47.275,4.6548,3
-3.7596,-47.34,4.7947,3
-0.25249,-47.406,4.9337,3
10.269,-47.603,5.3503,3
20.79,-47.801,5.7679,3
24.297,-47.866,5.9069,3
27.804,-47.933,6.0464,3
38.325,-48.13,6.4634,3
-39.032,-42.454,4.0073,3
-35.525,-42.52,4.1463,3
-28.511,-42.651,4.4252,3
-7.4681,-43.046,5.2594,3
-3.9611,-43.112,5.3984,3
10.067,-43.375,5.9549,3
24.095,-43.639,6.5111,3
31.11,-43.77,6.79,3
34.617,-43.836,6.929,3
38.124,-43.902,7.0677,3
-42.74,-38.161,4.4729,3
-39.233,-38.226,4.6119,3
-35.726,-38.292,4.7509,3
-7.6697,-38.818,5.864,3
-4.1626,-38.885,6.0026,3
-0.65552,-38.95,6.1416,3
6.3586,-39.082,6.4202,3
41.429,-39.74,7.8112,3
-39.435,-33.998,5.2165,3
37.721,-35.446,8.2759,3
-46.65,-29.638,5.5422,3
37.519,-31.218,8.8802,3
41.026,-31.284,9.0191,3
44.533,-31.35,9.1591,3
-50.359,-25.345,6.0072,3
-1.2601,-26.266,7.9541,3
37.318,-26.99,9.4847,3
40.825,-27.056,9.6237,3
44.332,-27.122,9.7624,3
-50.561,-21.116,6.6115,3
-47.053,-21.183,6.7504,3
-43.546,-21.248,6.8896,3
-40.039,-21.314,7.0287,3
-36.532,-21.38,7.1676,3
-50.762,-16.889,7.2155,3
-40.241,-17.087,7.6327,3
-36.734,-17.152,7.7719,3
-43.949,-12.793,8.0978,3
-40.442,-12.858,8.2371,3
29.699,-14.175,11.019,3
36.713,-14.306,11.297,3
40.22,-14.373,11.436,3
36.512,-10.079,11.901,3
40.019,-10.144,12.04,3
-51.367,-4.2048,9.0282,3
-37.338,-4.468,9.5846,3
46.831,-6.0479,12.923,3
-58.582,0.15484,9.3542,3
-51.568,0.023228,9.6325,3
50.137,-1.8858,13.666,3
-58.784,4.3829,9.9584,3
32.4,2.6713,13.575,3
42.921,2.4738,13.992,3
-62.492,8.6766,10.424,3
-58.985,8.6108,10.563,3
-55.478,8.545,10.702,3
-44.957,8.3475,11.119,3
35.706,6.8335,14.318,3
49.734,6.5701,14.875,3
53.241,6.5044,15.014,3
-62.694,12.905,11.028,3
-59.187,12.839,11.167,3
-48.666,12.641,11.584,3
-41.651,12.51,11.862,3
42.518,10.93,15.201,3
56.546,10.666,15.757,3
-62.895,17.132,11.632,3
-59.388,17.067,11.771,3
-52.374,16.935,12.049,3
35.302,15.289,15.527,3
49.331,15.026,16.083,3
56.345,14.895,16.361,3
-59.59,21.295,12.375,3
-49.069,21.098,12.793,3
35.101,19.517,16.131,3
52.636,19.188,16.826,3
56.143,19.122,16.965,3
-63.298,25.588,12.84,3
-56.284,25.457,13.119,3
-45.763,25.259,13.536,3
41.914,23.614,17.013,3
48.928,23.482,17.291,3
52.435,23.416,17.43,3
55.942,23.351,17.57,3
59.449,23.285,17.709,3
-63.5,29.816,13.445,3
-59.993,29.751,13.584,3
-56.486,29.685,13.723,3
-52.979,29.619,13.862,3
34.698,27.973,17.339,3
38.205,27.908,17.478,3
41.712,27.842,17.618,3
45.219,27.776,17.756,3
48.726,27.71,17.896,3
52.233,27.644,18.035,3
55.74,27.578,18.174,3
59.247,27.512,18.313,3
-63.701,34.045,14.049,3
-60.194,33.979,14.188,3
-42.659,33.649,14.883,3
27.482,32.333,17.665,3
34.496,32.201,17.944,3
45.018,32.004,18.361,3
48.525,31.938,18.5,3
52.032,31.872,18.639,3
-60.396,38.206,14.792,3
-49.875,38.009,15.209,3
34.295,36.429,18.548,3
44.816,36.232,18.965,3
51.83,36.1,19.243,3
55.337,36.035,19.382,3
-64.105,42.5,15.257,3
-60.597,42.435,15.396,3
41.108,40.526,19.43,3
48.122,40.394,19.708,3
55.136,40.262,19.986,3
58.643,40.196,20.126,3
-60.799,46.662,16,3
37.399,44.819,19.895,3
40.906,44.753,20.034,3
44.413,44.688,20.174,3
47.92,44.622,20.313,3
-61,50.89,16.605,3
-57.493,50.825,16.744,3
-53.986,50.759,16.883,3
-4.8874,49.838,18.83,3
37.197,49.047,20.499,3
54.733,48.718,21.195,3
58.24,48.652,21.334,3
-61.202,55.119,17.209,3
-57.695,55.052,17.348,3
-54.188,54.987,17.487,3
-5.0889,54.065,19.434,3
47.517,53.078,21.521,3
51.024,53.012,21.66,3
54.531,52.946,21.799,3
-57.896,59.281,17.952,3
-5.2904,58.293,20.039,3
36.794,57.503,21.708,3
47.316,57.306,22.125,3
50.823,57.24,22.264,3
54.33,57.174,22.403,3
-58.098,63.509,18.557,3
-54.591,63.442,18.695,3
-51.084,63.377,18.835,3
-47.577,63.311,18.974,3
-5.4919,62.521,20.643,3
33.086,61.797,22.173,3
36.593,61.731,22.312,3
43.607,61.6,22.59,3
47.114,61.534,22.729,3
50.621,61.468,22.869,3
-51.285,67.605,19.439,3
-47.778,67.54,19.578,3
-44.271,67.473,19.717,3
-40.764,67.407,19.856,3
-30.243,67.21,20.273,3
-16.215,66.947,20.83,3
32.884,66.025,22.777,3
36.391,65.96,22.916,3
43.405,65.827,23.194,3
46.913,65.762,23.334,3
50.42,65.696,23.473,3
-47.98,71.767,20.182,3
-44.473,71.701,20.322,3
-30.444,71.438,20.878,3
-26.937,71.372,21.017,3
-16.416,71.175,21.434,3
18.654,70.516,22.825,3
32.683,70.253,23.382,3
36.19,70.187,23.52,3
-37.66,75.797,21.204,3
-16.618,75.402,22.038,3
-13.111,75.337,22.177,3
0.91764,75.074,22.734,3
14.946,74.81,23.29,3
21.96,74.678,23.568,3
35.988,74.415,24.125,3
-37.862,80.026,21.808,3
-9.8051,79.499,22.92,3
4.2232,79.235,23.477,3
7.7303,79.17,23.616,3
11.237,79.104,23.755,3
14.744,79.038,23.894,3
25.266,78.841,24.312,3
32.28,78.709,24.59,3
35.787,78.644,24.729,3
39.294,78.577,24.868,3
-31.049,84.122,22.691,3
-24.035,83.99,22.968,3
0.51461,83.529,23.942,3
7.5287,83.398,24.22,3
18.05,83.2,24.638,3
25.064,83.069,24.916,3
-24.236,88.218,23.573,3
17.836,-61.284,7.4997,3
21.343,-61.351,7.6383,3
-20.944,-56.333,6.5733,3
-17.436,-56.398,6.7123,3
-13.929,-56.464,6.8522,3
-10.422,-56.53,6.9912,3
-6.9153,-56.596,7.1299,3
-3.4082,-56.662,7.2688,3
10.62,-56.925,7.8254,3
17.634,-57.057,8.1039,3
21.141,-57.123,8.2429,3
-31.666,-51.907,6.7604,3
-28.159,-51.973,6.9003,3
-24.652,-52.039,7.0389,3
-17.638,-52.17,7.3169,3
-7.1168,-52.368,7.7344,3
13.926,-52.763,8.5686,3
20.94,-52.894,8.8475,3
24.447,-52.961,8.9862,3
-35.375,-47.613,7.226,3
-31.868,-47.679,7.365,3
-24.854,-47.811,7.6426,3
-21.347,-47.877,7.7825,3
-10.825,-48.074,8.1991,3
6.7099,-48.404,8.8943,3
10.217,-48.469,9.0342,3
20.738,-48.667,9.4508,3
34.766,-48.93,10.007,3
-32.069,-43.452,7.9692,3
-7.5198,-43.912,8.9424,3
-4.0128,-43.978,9.0813,3
3.0014,-44.11,9.3599,3
6.5084,-44.175,9.4989,3
20.537,-44.439,10.055,3
24.044,-44.504,10.194,3
27.551,-44.571,10.333,3
31.058,-44.636,10.473,3
34.565,-44.702,10.612,3
38.072,-44.768,10.751,3
41.579,-44.834,10.89,3
-42.792,-39.026,8.1562,3
-39.285,-39.092,8.2949,3
-35.778,-39.157,8.4339,3
-32.271,-39.223,8.5729,3
-28.764,-39.289,8.7128,3
-0.70723,-39.816,9.8246,3
2.7998,-39.882,9.9645,3
6.3069,-39.947,10.104,3
27.349,-40.342,10.938,3
34.363,-40.475,11.216,3
37.871,-40.54,11.355,3
-39.486,-34.864,8.8995,3
-7.9229,-35.457,10.151,3
-4.4158,-35.522,10.29,3
-0.90875,-35.588,10.429,3
-43.195,-30.57,9.3642,3
37.467,-32.084,12.563,3
44.482,-32.215,12.842,3
-46.904,-26.276,9.8298,3
-43.397,-26.342,9.9688,3
40.773,-27.922,13.307,3
47.787,-28.054,13.585,3
-50.612,-21.982,10.294,3
-36.584,-22.245,10.851,3
33.557,-23.562,13.633,3
40.572,-23.694,13.911,3
47.586,-23.825,14.189,3
-50.814,-17.755,10.899,3
-47.307,-17.82,11.038,3
-33.278,-18.084,11.594,3
33.356,-19.334,14.237,3
36.863,-19.4,14.376,3
40.37,-19.466,14.515,3
43.877,-19.532,14.655,3
47.384,-19.597,14.793,3
50.891,-19.663,14.932,3
-47.508,-13.592,11.642,3
-44.001,-13.658,11.781,3
-33.48,-13.855,12.199,3
47.183,-15.37,15.398,3
-51.217,-9.2982,12.107,3
46.981,-11.142,16.002,3
-54.925,-5.0046,12.572,3
43.273,-6.8478,16.467,3
-58.634,-0.71081,13.037,3
-55.127,-0.77665,13.177,3
-51.62,-0.84252,13.316,3
39.564,-2.5541,16.933,3
46.578,-2.6856,17.21,3
-55.328,3.4513,13.781,3
-51.821,3.3855,13.92,3
49.682,5.7044,18.558,3
-55.731,11.907,14.989,3
42.466,10.064,18.884,3
52.988,9.8666,19.301,3
56.495,9.8008,19.44,3
35.251,14.424,19.21,3
52.786,14.095,19.905,3
56.293,14.029,20.044,3
-56.134,20.364,16.198,3
-52.627,20.297,16.337,3
42.063,18.52,20.093,3
45.57,18.454,20.231,3
49.078,18.388,20.37,3
52.585,18.323,20.51,3
-63.35,24.723,16.524,3
-59.843,24.657,16.663,3
48.876,22.617,20.975,3
-63.552,28.95,17.128,3
-56.538,28.819,17.406,3
31.139,27.174,20.884,3
38.153,27.042,21.162,3
52.182,26.779,21.718,3
-63.753,33.179,17.732,3
-60.246,33.113,17.871,3
-49.725,32.916,18.288,3
48.473,31.072,22.183,3
-63.955,37.407,18.336,3
-56.941,37.275,18.614,3
-53.433,37.209,18.754,3
-46.419,37.077,19.032,3
41.257,35.432,22.509,3
-60.649,41.569,19.08,3
51.577,39.462,23.531,3
58.591,39.33,23.809,3
-60.851,45.797,19.684,3
54.883,43.624,24.274,3
58.39,43.559,24.413,3
-61.052,50.025,20.288,3
-57.545,49.959,20.427,3
-54.038,49.893,20.566,3
-4.9391,48.972,22.514,3
40.653,48.116,24.322,3
47.667,47.985,24.6,3
54.681,47.852,24.878,3
58.188,47.787,25.017,3
-61.254,54.253,20.892,3
-57.747,54.187,21.031,3
-54.24,54.121,21.17,3
-50.732,54.055,21.309,3
-5.1406,53.199,23.118,3
50.972,52.146,25.343,3
54.48,52.081,25.483,3
57.987,52.014,25.621,3
-57.948,58.415,21.636,3
-54.441,58.349,21.775,3
50.771,56.375,25.948,3
54.278,56.308,26.087,3
-54.643,62.577,22.379,3
-51.136,62.511,22.518,3
-47.628,62.445,22.657,3
-44.121,62.38,22.796,3
-9.0507,61.721,24.187,3
-2.0366,61.589,24.465,3
36.541,60.865,25.995,3
50.569,60.602,26.552,3
-47.83,66.674,23.261,3
-30.295,66.344,23.957,3
-5.7452,65.883,24.93,3
36.34,65.094,26.6,3
39.847,65.028,26.739,3
43.354,64.962,26.878,3
50.368,64.83,27.156,3
-48.031,70.901,23.865,3
-44.524,70.835,24.005,3
-26.989,70.507,24.7,3
-23.482,70.44,24.839,3
-16.468,70.309,25.117,3
-9.4538,70.177,25.395,3
-2.4396,70.046,25.674,3
15.096,69.716,26.369,3
32.631,69.387,27.065,3
39.645,69.255,27.343,3
-41.219,74.998,24.748,3
-37.712,74.932,24.887,3
-27.191,74.734,25.304,3
-9.6553,74.405,26,3
0.86593,74.208,26.417,3
11.387,74.01,26.834,3
14.894,73.945,26.973,3
-34.406,79.094,25.63,3
-23.885,78.897,26.048,3
-20.378,78.83,26.186,3
-16.871,78.765,26.326,3
-13.364,78.699,26.465,3
0.66442,78.436,27.021,3
4.1715,78.369,27.16,3
7.6786,78.304,27.299,3
25.214,77.975,27.995,3
32.228,77.843,28.273,3
35.735,77.778,28.412,3
-24.087,83.124,26.652,3
-17.072,82.993,26.93,3
-10.058,82.861,27.208,3
0.4629,82.663,27.625,3
7.477,82.532,27.904,3
25.012,82.203,28.599,3
28.519,82.137,28.738,3
32.027,82.071,28.877,3
24.811,86.431,29.203,3
7.2628,-61.953,10.765,3
-17.488,-57.265,10.396,3
-10.474,-57.396,10.674,3
7.0613,-57.725,11.369,3
10.568,-57.791,11.508,3
14.075,-57.857,11.648,3
-31.718,-52.773,10.443,3
-28.211,-52.839,10.583,3
-21.197,-52.971,10.861,3
-17.69,-53.036,11,3
-14.183,-53.102,11.14,3
-3.6615,-53.299,11.556,3
-0.15438,-53.365,11.695,3
6.8598,-53.497,11.974,3
10.367,-53.563,12.113,3
17.381,-53.695,12.392,3
20.888,-53.76,12.53,3
24.395,-53.826,12.669,3
-28.412,-48.611,11.187,3
-21.398,-48.742,11.466,3
-7.37,-49.006,12.022,3
-3.863,-49.071,12.161,3
6.6582,-49.269,12.579,3
10.165,-49.335,12.717,3
20.687,-49.532,13.135,3
24.194,-49.599,13.274,3
31.208,-49.73,13.552,3
-42.642,-44.12,11.235,3
-39.135,-44.185,11.374,3
-32.121,-44.317,11.652,3
-21.6,-44.514,12.07,3
-11.079,-44.712,12.487,3
-7.5716,-44.778,12.625,3
-4.0645,-44.844,12.765,3
6.4567,-45.041,13.182,3
23.992,-45.37,13.877,3
27.499,-45.436,14.017,3
38.02,-45.633,14.434,3
41.527,-45.7,14.573,3
-46.351,-39.826,11.7,3
-35.83,-40.023,12.117,3
-32.323,-40.089,12.257,3
-28.815,-40.155,12.396,3
-25.308,-40.221,12.534,3
-7.7731,-40.55,13.23,3
2.7481,-40.748,13.648,3
6.2552,-40.813,13.787,3
9.7623,-40.879,13.925,3
30.805,-41.274,14.761,3
37.819,-41.406,15.038,3
-43.045,-35.663,12.444,3
-39.538,-35.73,12.582,3
-36.031,-35.795,12.721,3
-11.482,-36.256,13.695,3
-0.96045,-36.453,14.112,3
37.617,-37.178,15.643,3
44.631,-37.31,15.92,3
-43.247,-31.436,13.047,3
37.416,-32.95,16.247,3
47.937,-33.147,16.664,3
-50.462,-27.076,13.374,3
-46.955,-27.142,13.513,3
-43.448,-27.207,13.652,3
40.721,-28.787,16.99,3
44.228,-28.853,17.13,3
47.735,-28.92,17.268,3
-54.171,-22.782,13.838,3
-50.664,-22.848,13.977,3
-47.157,-22.914,14.117,3
44.027,-24.626,17.733,3
29.797,-20.134,17.781,3
50.839,-20.53,18.616,3
-54.574,-14.326,15.048,3
-51.067,-14.392,15.186,3
-47.56,-14.458,15.325,3
-37.039,-14.656,15.743,3
26.088,-15.841,18.247,3
47.131,-16.236,19.081,3
-58.283,-10.032,15.512,3
-54.776,-10.098,15.651,3
36.408,-11.81,19.268,3
39.915,-11.875,19.407,3
46.929,-12.007,19.685,3
-54.977,-5.8703,16.256,3
-51.47,-5.9361,16.394,3
-51.672,-1.7081,16.999,3
39.512,-3.4198,20.616,3
43.019,-3.4855,20.754,3
50.033,-3.617,21.032,3
-58.887,2.6516,17.325,3
-55.38,2.5855,17.464,3
-51.873,2.5197,17.603,3
49.832,0.61089,21.637,3
46.123,4.9045,22.102,3
53.137,4.773,22.38,3
-59.29,11.107,18.533,3
49.429,9.0666,22.846,3
45.72,13.361,23.31,3
-59.693,19.563,19.742,3
56.04,17.391,24.332,3
-63.402,23.857,20.207,3
45.317,21.816,24.519,3
48.824,21.751,24.658,3
52.331,21.685,24.797,3
-56.589,27.953,21.089,3
-53.082,27.888,21.228,3
52.13,25.913,25.401,3
-63.805,32.313,21.415,3
-60.298,32.247,21.554,3
-53.284,32.115,21.832,3
-49.777,32.05,21.972,3
44.914,30.273,25.727,3
48.421,30.206,25.866,3
51.928,30.141,26.006,3
-64.006,36.541,22.02,3
-60.499,36.475,22.159,3
-49.978,36.278,22.576,3
-46.471,36.212,22.715,3
44.713,34.5,26.331,3
51.727,34.369,26.61,3
55.234,34.303,26.749,3
-64.208,40.769,22.624,3
-60.701,40.703,22.763,3
-53.687,40.572,23.041,3
-50.18,40.505,23.18,3
-46.673,40.44,23.319,3
51.525,38.596,27.214,3
-60.902,44.931,23.367,3
-57.395,44.866,23.506,3
-53.888,44.799,23.645,3
-4.7893,43.877,25.592,3
44.31,42.956,27.54,3
47.817,42.89,27.679,3
-61.104,49.16,23.971,3
-57.597,49.093,24.11,3
-4.9908,48.106,26.197,3
44.108,47.184,28.144,3
-61.305,53.387,24.575,3
-57.798,53.321,24.715,3
-54.291,53.256,24.854,3
-50.784,53.189,24.993,3
40.4,51.478,28.609,3
47.414,51.346,28.887,3
50.921,51.281,29.026,3
54.428,51.215,29.166,3
-54.493,57.483,25.458,3
-50.986,57.417,25.597,3
-15.915,56.759,26.988,3
43.705,55.64,29.352,3
50.719,55.509,29.631,3
-51.187,61.646,26.201,3
-47.68,61.579,26.34,3
-44.173,61.514,26.479,3
-37.159,61.383,26.758,3
-2.0883,60.724,28.149,3
43.504,59.868,29.957,3
47.011,59.803,30.096,3
50.518,59.736,30.235,3
-44.375,65.742,27.084,3
-37.36,65.61,27.362,3
-9.3039,65.084,28.475,3
1.2173,64.886,28.892,3
4.7243,64.82,29.031,3
29.274,64.36,30.005,3
32.781,64.294,30.144,3
43.302,64.097,30.561,3
-48.083,70.036,27.549,3
-44.576,69.969,27.688,3
-41.069,69.904,27.827,3
-37.562,69.838,27.966,3
-34.055,69.773,28.105,3
-30.548,69.706,28.244,3
-13.013,69.377,28.94,3
-2.4913,69.18,29.357,3
29.072,68.587,30.609,3
32.579,68.522,30.748,3
39.593,68.39,31.026,3
43.101,68.324,31.165,3
-41.271,74.132,28.431,3
-37.764,74.066,28.57,3
-20.228,73.737,29.266,3
-13.214,73.605,29.544,3
-9.707,73.539,29.683,3
-2.6928,73.408,29.961,3
7.8284,73.211,30.379,3
28.871,72.815,31.213,3
32.378,72.75,31.352,3
35.885,72.684,31.491,3
39.392,72.618,31.63,3
42.899,72.552,31.769,3
-34.458,78.228,29.314,3
-16.923,77.899,30.009,3
-13.416,77.833,30.148,3
-2.8944,77.636,30.565,3
4.1198,77.504,30.844,3
14.641,77.307,31.261,3
18.148,77.241,31.4,3
25.162,77.109,31.678,3
28.669,77.044,31.817,3
32.176,76.977,31.956,3
35.683,76.912,32.095,3
-17.124,82.127,30.613,3
0.41119,81.798,31.309,3
24.961,81.338,32.282,3
31.975,81.205,32.561,3
17.732,-63.016,14.866,3
-14.033,-58.196,14.218,3
-7.0187,-58.327,14.497,3
-3.5116,-58.394,14.636,3
14.024,-58.722,15.331,3
17.531,-58.788,15.47,3
-17.741,-53.902,14.684,3
-14.234,-53.968,14.823,3
13.822,-54.494,15.936,3
17.329,-54.561,16.075,3
-31.971,-49.411,14.731,3
-28.464,-49.476,14.871,3
-17.943,-49.674,15.287,3
-7.4217,-49.871,15.705,3
6.6065,-50.135,16.262,3
17.128,-50.333,16.679,3
20.635,-50.398,16.818,3
-35.68,-45.117,15.197,3
-32.173,-45.182,15.335,3
-28.666,-45.249,15.474,3
-21.652,-45.38,15.753,3
-7.6233,-45.643,16.31,3
-4.1162,-45.71,16.448,3
2.8979,-45.841,16.726,3
6.405,-45.907,16.866,3
20.433,-46.17,17.421,3
23.94,-46.236,17.561,3
27.447,-46.302,17.7,3
30.954,-46.367,17.839,3
37.969,-46.499,18.118,3
-42.895,-40.757,15.522,3
-39.388,-40.823,15.661,3
-32.374,-40.955,15.94,3
-25.36,-41.086,16.218,3
-21.853,-41.153,16.357,3
-7.8248,-41.416,16.913,3
-4.3177,-41.481,17.053,3
6.2035,-41.679,17.469,3
9.7106,-41.745,17.609,3
23.739,-42.008,18.165,3
27.246,-42.074,18.305,3
30.753,-42.14,18.444,3
37.767,-42.271,18.721,3
-36.083,-36.661,16.404,3
-11.533,-37.122,17.378,3
-8.0263,-37.188,17.517,3
2.4949,-37.385,17.935,3
27.044,-37.846,18.908,3
34.059,-37.977,19.187,3
37.566,-38.044,19.326,3
41.073,-38.109,19.465,3
-50.313,-32.17,16.453,3
-46.806,-32.235,16.591,3
-1.2137,-33.091,18.4,3
2.2934,-33.157,18.54,3
26.843,-33.618,19.513,3
30.35,-33.683,19.652,3
40.871,-33.881,20.069,3
-47.007,-28.008,17.196,3
44.177,-29.719,20.812,3
-43.702,-23.845,17.939,3
47.482,-25.557,21.556,3
-50.917,-19.486,18.265,3
-47.41,-19.551,18.405,3
43.774,-21.263,22.02,3
47.281,-21.329,22.16,3
-54.626,-15.192,18.731,3
-51.119,-15.257,18.87,3
-47.612,-15.324,19.008,3
-44.105,-15.39,19.148,3
-40.597,-15.455,19.287,3
-58.334,-10.898,19.195,3
43.371,-12.807,23.23,3
46.878,-12.873,23.368,3
-55.029,-6.7359,19.939,3
-51.522,-6.802,20.078,3
-55.23,-2.508,20.543,3
-51.723,-2.5738,20.682,3
-48.216,-2.6395,20.821,3
-44.709,-2.7056,20.961,3
42.968,-4.3511,24.438,3
-58.939,1.7856,21.009,3
-55.432,1.7199,21.148,3
39.259,-0.057491,24.903,3
49.78,-0.25474,25.32,3
-62.849,10.307,22.078,3
-59.342,10.242,22.217,3
-55.835,10.176,22.355,3
52.884,8.1353,26.668,3
-52.529,14.338,23.099,3
56.19,12.297,27.411,3
-63.252,18.764,23.286,3
-59.745,18.698,23.424,3
48.974,16.657,27.737,3
52.481,16.591,27.876,3
-63.454,22.991,23.89,3
-59.946,22.926,24.029,3
-56.439,22.86,24.169,3
55.787,20.754,28.619,3
-60.148,27.154,24.634,3
52.078,25.047,29.085,3
55.585,24.981,29.223,3
-56.842,31.316,25.377,3
-53.335,31.25,25.516,3
44.863,29.407,29.41,3
-53.537,35.477,26.12,3
51.675,33.503,30.293,3
55.182,33.438,30.433,3
-64.26,39.904,26.307,3
-60.753,39.838,26.446,3
-50.231,39.64,26.863,3
-4.6395,38.784,28.672,3
44.459,37.862,30.619,3
47.967,37.797,30.758,3
51.474,37.731,30.897,3
54.981,37.665,31.036,3
-60.954,44.065,27.05,3
-57.447,44,27.189,3
-53.94,43.934,27.329,3
-4.841,43.013,29.276,3
47.765,42.024,31.362,3
51.272,41.959,31.501,3
54.779,41.893,31.64,3
-61.156,48.294,27.655,3
-5.0425,47.24,29.88,3
5.4787,47.042,30.297,3
47.563,46.253,31.966,3
-57.85,52.455,28.398,3
-54.343,52.39,28.537,3
-40.315,52.127,29.093,3
43.855,50.547,32.432,3
50.869,50.414,32.71,3
54.376,50.349,32.849,3
-54.544,56.618,29.141,3
-51.037,56.552,29.28,3
-40.516,56.354,29.697,3
-37.009,56.288,29.837,3
-33.502,56.223,29.976,3
-15.967,55.893,30.671,3
43.653,54.775,33.036,3
47.16,54.708,33.175,3
50.668,54.643,33.314,3
-37.211,60.517,30.441,3
-30.197,60.385,30.719,3
18.902,59.463,32.666,3
22.409,59.398,32.806,3
43.452,59.002,33.64,3
-51.44,65.008,30.489,3
-47.933,64.942,30.628,3
-44.426,64.876,30.767,3
-2.3415,64.087,32.436,3
18.701,63.691,33.271,3
25.715,63.559,33.549,3
36.236,63.362,33.966,3
39.743,63.296,34.105,3
43.25,63.231,34.244,3
-44.628,69.105,31.371,3
-37.614,68.972,31.649,3
-34.107,68.907,31.788,3
-30.6,68.841,31.928,3
-23.585,68.709,32.206,3
-20.078,68.644,32.345,3
-16.571,68.577,32.484,3
-13.064,68.512,32.623,3
-2.543,68.314,33.04,3
18.499,67.92,33.875,3
22.006,67.853,34.014,3
36.035,67.59,34.57,3
39.542,67.524,34.709,3
-44.829,73.332,31.975,3
-37.815,73.201,32.254,3
-34.308,73.134,32.392,3
-27.294,73.003,32.671,3
-23.787,72.938,32.81,3
-16.773,72.805,33.088,3
-9.7587,72.673,33.366,3
-2.7445,72.542,33.644,3
0.76252,72.477,33.784,3
7.7767,72.345,34.062,3
11.284,72.279,34.201,3
18.298,72.147,34.479,3
25.312,72.016,34.757,3
32.326,71.884,35.035,3
35.833,71.818,35.175,3
39.34,71.752,35.313,3
42.847,71.686,35.453,3
0.561,76.704,34.388,3
4.0681,76.638,34.527,3
11.082,76.507,34.805,3
14.589,76.441,34.944,3
18.096,76.375,35.083,3
25.11,76.243,35.361,3
28.618,76.178,35.501,3
0.35948,80.932,34.992,3
17.895,80.603,35.687,3
-7.0704,-59.193,18.18,3
-10.779,-54.899,18.645,3
-3.7649,-55.031,18.923,3
10.263,-55.295,19.48,3
13.77,-55.36,19.619,3
-32.023,-50.277,18.415,3
-21.502,-50.474,18.831,3
-7.4735,-50.737,19.388,3
10.062,-51.066,20.084,3
17.076,-51.198,20.362,3
20.583,-51.264,20.501,3
24.09,-51.329,20.64,3
-21.703,-46.246,19.436,3
-7.675,-46.509,19.992,3
-4.1679,-46.575,20.131,3
2.8462,-46.707,20.41,3
6.3533,-46.772,20.549,3
20.382,-47.036,21.106,3
23.889,-47.102,21.244,3
27.396,-47.167,21.383,3
-39.44,-41.689,19.345,3
-32.426,-41.82,19.623,3
-4.3694,-42.347,20.736,3
6.1518,-42.545,21.152,3
9.6588,-42.611,21.292,3
20.18,-42.808,21.709,3
27.194,-42.939,21.988,3
-39.642,-37.461,19.949,3
-36.135,-37.526,20.089,3
-29.12,-37.658,20.366,3
-4.5709,-38.119,21.34,3
2.4432,-38.251,21.618,3
5.9503,-38.317,21.757,3
9.4573,-38.382,21.896,3
26.993,-38.712,22.592,3
37.514,-38.908,23.009,3
-46.857,-33.101,20.275,3
-32.829,-33.364,20.831,3
-4.7725,-33.891,21.944,3
26.791,-34.483,23.196,3
33.805,-34.616,23.474,3
37.312,-34.681,23.613,3
-43.552,-28.939,21.019,3
-11.988,-29.531,22.271,3
-1.4669,-29.729,22.687,3
30.097,-30.322,23.939,3
37.111,-30.453,24.218,3
44.125,-30.585,24.495,3
-43.753,-24.711,21.622,3
33.402,-26.159,24.683,3
40.416,-26.291,24.961,3
43.923,-26.357,25.1,3
47.431,-26.422,25.239,3
-50.969,-20.352,21.949,3
43.722,-22.128,25.705,3
47.229,-22.195,25.843,3
-2.0715,-17.045,24.5,3
36.506,-17.769,26.03,3
-54.879,-11.829,23.018,3
46.826,-13.738,27.052,3
-51.573,-7.6676,23.761,3
-48.066,-7.7333,23.9,3
43.117,-9.445,27.517,3
-55.282,-3.3736,24.226,3
-51.775,-3.4394,24.365,3
-48.268,-3.5055,24.505,3
-44.761,-3.5713,24.644,3
42.916,-5.2168,28.12,3
-58.991,0.91996,24.692,3
-51.976,0.78843,24.969,3
-48.469,0.72276,25.108,3
39.207,-0.92309,28.586,3
49.728,-1.1207,29.004,3
-59.192,5.1482,25.295,3
-52.178,5.0164,25.574,3
-48.671,4.9506,25.713,3
-45.164,4.8848,25.852,3
42.513,3.239,29.329,3
46.02,3.1732,29.468,3
49.527,3.1075,29.607,3
53.034,3.0414,29.747,3
-55.887,9.3103,26.038,3
35.297,7.5987,29.655,3
52.833,7.2696,30.351,3
-52.581,13.472,26.782,3
-49.074,13.406,26.922,3
49.124,11.563,30.816,3
-59.797,17.832,27.109,3
-45.768,17.568,27.665,3
41.908,15.923,31.142,3
52.429,15.726,31.56,3
55.937,15.659,31.698,3
-52.984,21.928,27.991,3
-42.463,21.731,28.408,3
55.735,19.888,32.303,3
-63.707,26.354,28.178,3
-60.2,26.288,28.317,3
45.012,24.313,32.49,3
-63.908,30.582,28.782,3
-60.401,30.516,28.921,3
-56.894,30.45,29.06,3
-53.387,30.384,29.199,3
44.811,28.541,33.093,3
48.318,28.475,33.233,3
51.825,28.409,33.372,3
-60.603,34.743,29.526,3
-57.096,34.678,29.665,3
-4.4897,33.691,31.751,3
51.623,32.637,33.977,3
-53.79,38.84,30.408,3
-4.6912,37.918,32.355,3
44.408,36.997,34.302,3
-61.006,43.199,30.733,3
-53.992,43.068,31.012,3
-43.47,42.871,31.429,3
-18.921,42.41,32.403,3
37.192,41.357,34.628,3
40.699,41.291,34.767,3
44.206,41.225,34.907,3
47.713,41.159,35.046,3
51.22,41.093,35.184,3
-50.686,47.23,31.755,3
33.484,45.65,35.093,3
36.991,45.584,35.233,3
51.019,45.321,35.789,3
-57.902,51.589,32.081,3
-54.395,51.524,32.22,3
-43.873,51.326,32.637,3
33.282,49.878,35.697,3
36.789,49.813,35.837,3
43.803,49.681,36.115,3
-54.596,55.752,32.824,3
-1.9902,54.765,34.911,3
5.0239,54.633,35.189,3
26.066,54.238,36.024,3
33.08,54.107,36.302,3
36.588,54.04,36.44,3
47.109,53.843,36.858,3
50.616,53.777,36.997,3
54.123,53.712,37.136,3
-47.784,59.848,33.707,3
-40.769,59.716,33.985,3
-33.755,59.585,34.263,3
-9.2058,59.124,35.237,3
25.865,58.466,36.628,3
29.372,58.401,36.767,3
43.4,58.137,37.323,3
-51.492,64.142,34.172,3
-47.985,64.077,34.311,3
-44.478,64.01,34.45,3
-40.971,63.945,34.589,3
-12.914,63.418,35.702,3
-9.4074,63.352,35.841,3
-2.3932,63.221,36.119,3
1.1138,63.155,36.258,3
4.6209,63.089,36.397,3
18.649,62.825,36.954,3
25.663,62.694,37.232,3
32.677,62.562,37.51,3
36.185,62.497,37.649,3
43.199,62.365,37.927,3
-34.158,68.041,35.472,3
-20.13,67.778,36.028,3
-9.6089,67.58,36.445,3
-2.5947,67.449,36.724,3
0.91233,67.382,36.862,3
4.4194,67.317,37.002,3
14.941,67.119,37.419,3
28.969,66.856,37.975,3
-23.839,72.072,36.493,3
-20.332,72.006,36.632,3
-9.8104,71.808,37.05,3
-2.7963,71.676,37.328,3
0.71081,71.611,37.467,3
7.7249,71.479,37.745,3
11.232,71.413,37.884,3
14.739,71.348,38.023,3
-10.012,76.036,37.654,3
0.50929,75.839,38.071,3
14.538,75.575,38.627,3
21.552,75.444,38.906,3
25.059,75.378,39.045,3
-10.831,-55.765,22.328,3
-7.3236,-55.831,22.468,3
6.7046,-56.094,23.024,3
10.212,-56.16,23.163,3
17.226,-56.291,23.441,3
20.733,-56.357,23.58,3
-21.553,-51.339,22.515,3
-18.046,-51.406,22.654,3
-11.032,-51.537,22.932,3
10.01,-51.932,23.766,3
13.517,-51.998,23.906,3
-35.783,-46.849,22.562,3
-32.276,-46.914,22.702,3
-28.769,-46.98,22.841,3
-25.262,-47.045,22.98,3
-18.248,-47.177,23.258,3
-11.234,-47.31,23.537,3
6.3016,-47.638,24.232,3
-32.478,-42.686,23.306,3
-28.971,-42.751,23.445,3
-25.464,-42.818,23.585,3
-21.956,-42.884,23.724,3
-7.9282,-43.147,24.28,3
-4.4211,-43.212,24.419,3
2.593,-43.344,24.697,3
6.1001,-43.41,24.837,3
20.128,-43.673,25.393,3
30.65,-43.871,25.81,3
-43.2,-38.261,23.493,3
-22.158,-38.655,24.328,3
5.8986,-39.182,25.44,3
9.4056,-39.248,25.58,3
16.42,-39.379,25.858,3
19.927,-39.446,25.997,3
30.448,-39.643,26.414,3
-43.402,-34.033,24.097,3
-36.388,-34.165,24.375,3
-32.881,-34.23,24.515,3
-29.374,-34.296,24.654,3
-11.838,-34.626,25.349,3
-8.3312,-34.691,25.488,3
26.739,-35.349,26.879,3
33.754,-35.481,27.158,3
-47.11,-29.739,24.563,3
-43.603,-29.805,24.702,3
-40.096,-29.871,24.84,3
-1.5186,-30.595,26.37,3
30.045,-31.187,27.622,3
33.552,-31.253,27.762,3
-43.805,-25.577,25.305,3
-40.298,-25.643,25.445,3
33.351,-27.025,28.366,3
36.858,-27.091,28.505,3
-51.021,-21.218,25.632,3
-44.006,-21.349,25.91,3
-40.499,-21.414,26.049,3
-36.992,-21.481,26.188,3
-1.9216,-22.138,27.579,3
43.67,-22.994,29.388,3
47.177,-23.06,29.527,3
-47.715,-17.055,26.375,3
-44.208,-17.12,26.514,3
-37.194,-17.252,26.792,3
32.948,-18.569,29.574,3
36.455,-18.635,29.713,3
39.962,-18.7,29.852,3
43.469,-18.767,29.991,3
46.976,-18.833,30.131,3
-51.424,-12.761,26.84,3
-47.917,-12.827,26.979,3
-44.409,-12.893,27.119,3
-40.902,-12.959,27.258,3
32.746,-14.341,30.179,3
36.253,-14.407,30.318,3
39.76,-14.473,30.457,3
43.267,-14.539,30.596,3
-55.132,-8.4675,27.306,3
-51.625,-8.5333,27.445,3
-2.5262,-9.4548,29.392,3
29.037,-10.047,30.644,3
32.544,-10.113,30.782,3
36.052,-10.179,30.921,3
39.559,-10.245,31.061,3
43.066,-10.311,31.2,3
46.573,-10.376,31.339,3
-44.813,-4.4369,28.327,3
-6.2348,-5.1611,29.857,3
32.343,-5.8852,31.387,3
35.85,-5.9508,31.526,3
42.864,-6.0827,31.805,3
-48.521,-0.14326,28.792,3
-45.014,-0.20903,28.931,3
-52.23,4.1507,29.257,3
-45.216,4.0189,29.536,3
38.954,2.4392,32.874,3
42.461,2.3734,33.013,3
45.968,2.3076,33.151,3
49.475,2.2415,33.291,3
-3.3323,7.457,31.809,3
31.738,6.7987,33.199,3
52.781,6.4036,34.033,3
-59.647,12.738,30.187,3
-52.633,12.607,30.466,3
-49.126,12.54,30.605,3
45.565,10.764,34.361,3
-59.848,16.966,30.792,3
-56.341,16.901,30.931,3
48.871,14.925,35.104,3
52.378,14.86,35.243,3
-60.05,21.194,31.396,3
-53.036,21.063,31.674,3
-49.529,20.997,31.813,3
-39.008,20.799,32.23,3
34.641,19.417,35.152,3
48.669,19.154,35.707,3
44.961,23.448,36.173,3
-60.453,29.65,32.604,3
-56.946,29.584,32.743,3
-53.439,29.518,32.882,3
44.759,27.675,36.777,3
48.266,27.61,36.916,3
51.773,27.544,37.055,3
-60.654,33.878,33.209,3
-53.64,33.747,33.486,3
-50.133,33.681,33.625,3
-46.626,33.614,33.765,3
-43.119,33.549,33.904,3
-39.612,33.483,34.043,3
-4.5414,32.825,35.434,3
41.05,31.969,37.242,3
48.065,31.838,37.521,3
51.572,31.771,37.66,3
40.849,36.197,37.846,3
44.356,36.132,37.986,3
47.863,36.065,38.124,3
-61.057,42.334,34.417,3
-50.536,42.137,34.834,3
-47.029,42.071,34.973,3
-43.522,42.005,35.112,3
-4.9444,41.281,36.642,3
26.619,40.689,37.895,3
30.126,40.622,38.033,3
40.647,40.425,38.451,3
51.169,40.228,38.868,3
-54.245,46.431,35.299,3
-47.231,46.298,35.578,3
-29.695,45.97,36.273,3
-19.174,45.772,36.691,3
19.404,45.048,38.22,3
22.911,44.983,38.359,3
29.925,44.85,38.638,3
36.939,44.718,38.915,3
50.967,44.455,39.472,3
-47.432,50.527,36.182,3
-43.925,50.461,36.321,3
22.709,49.21,38.964,3
40.244,48.881,39.659,3
-47.634,54.755,36.786,3
-16.07,54.162,38.038,3
-12.563,54.097,38.176,3
4.9722,53.767,38.873,3
8.4793,53.701,39.012,3
22.508,53.438,39.568,3
33.029,53.241,39.985,3
40.043,53.108,40.263,3
43.55,53.043,40.402,3
47.057,52.977,40.541,3
50.564,52.912,40.68,3
-47.835,58.983,37.39,3
-12.765,58.324,38.781,3
-2.2434,58.126,39.198,3
1.2637,58.061,39.337,3
25.813,57.6,40.311,3
32.827,57.469,40.589,3
36.334,57.403,40.728,3
43.348,57.271,41.007,3
46.856,57.206,41.146,3
-26.994,62.816,38.829,3
29.119,61.763,41.055,3
36.133,61.631,41.333,3
39.64,61.565,41.471,3
43.147,61.499,41.61,3
-23.689,66.977,39.572,3
-20.182,66.912,39.711,3
-13.168,66.781,39.989,3
14.889,66.254,41.102,3
21.903,66.122,41.381,3
28.917,65.99,41.658,3
32.424,65.925,41.797,3
-13.369,71.008,40.593,3
-2.848,70.81,41.011,3
0.6591,70.745,41.15,3
4.1662,70.679,41.289,3
7.6732,70.614,41.428,3
14.687,70.482,41.706,3
-20.585,75.368,40.919,3
-13.571,75.236,41.198,3
-3.0495,75.039,41.615,3
0.45758,74.973,41.754,3
7.4717,74.841,42.032,3
14.486,74.71,42.311,3
-21.404,-56.434,25.594,3
-21.605,-52.205,26.199,3
-11.084,-52.403,26.615,3
13.466,-52.864,27.589,3
-21.807,-47.977,26.802,3
-18.3,-48.044,26.942,3
-14.793,-48.109,27.081,3
-7.7784,-48.241,27.358,3
-4.2713,-48.306,27.497,3
13.264,-48.635,28.194,3
16.771,-48.702,28.333,3
-32.529,-43.552,26.989,3
-14.994,-43.881,27.685,3
-4.4728,-44.078,28.102,3
9.5554,-44.341,28.659,3
23.584,-44.605,29.215,3
27.091,-44.671,29.354,3
30.598,-44.736,29.493,3
-25.717,-39.456,27.872,3
-22.21,-39.521,28.011,3
-8.1814,-39.785,28.568,3
2.3398,-39.982,28.984,3
5.8468,-40.048,29.124,3
9.3539,-40.114,29.263,3
16.368,-40.245,29.541,3
23.382,-40.377,29.819,3
-36.439,-35.03,28.059,3
-32.932,-35.096,28.198,3
-25.918,-35.227,28.476,3
-22.411,-35.293,28.616,3
-11.89,-35.49,29.032,3
2.1383,-35.754,29.589,3
5.6453,-35.82,29.727,3
16.167,-36.018,30.145,3
-26.12,-31,29.08,3
-8.5845,-31.329,29.776,3
8.9509,-31.657,30.471,3
19.472,-31.855,30.889,3
33.5,-32.118,31.445,3
37.007,-32.185,31.584,3
-36.843,-26.574,29.267,3
-29.828,-26.706,29.546,3
29.792,-27.824,31.91,3
33.299,-27.891,32.049,3
36.806,-27.956,32.188,3
40.313,-28.022,32.327,3
-40.551,-22.28,29.733,3
-37.044,-22.346,29.872,3
33.097,-23.663,32.653,3
36.604,-23.728,32.792,3
43.619,-23.86,33.071,3
39.91,-19.566,33.535,3
43.417,-19.632,33.675,3
-44.461,-13.758,30.802,3
-40.954,-13.824,30.941,3
-5.8835,-14.483,32.331,3
-2.3764,-14.549,32.471,3
36.201,-15.273,34.001,3
-51.677,-9.3988,31.128,3
28.986,-10.913,34.327,3
32.493,-10.979,34.465,3
-2.7794,-6.0926,33.679,3
28.784,-6.685,34.931,3
32.291,-6.7507,35.07,3
35.597,-2.5886,35.813,3
-52.281,3.2851,32.94,3
-48.774,3.219,33.08,3
-45.267,3.1532,33.219,3
-41.76,3.0875,33.358,3
-38.253,3.0218,33.496,3
35.395,1.6393,36.418,3
42.409,1.5077,36.696,3
45.916,1.4417,36.836,3
-52.483,7.5127,33.544,3
-45.469,7.3818,33.822,3
-41.962,7.315,33.962,3
35.194,5.867,37.022,3
38.701,5.8015,37.161,3
42.208,5.736,37.3,3
45.715,5.6696,37.439,3
49.222,5.6041,37.578,3
-56.192,11.806,34.01,3
-49.177,11.675,34.288,3
45.513,9.8978,38.044,3
-56.393,16.035,34.614,3
-52.886,15.97,34.753,3
41.805,14.192,38.508,3
48.819,14.06,38.787,3
52.326,13.994,38.926,3
-60.102,20.329,35.079,3
-53.087,20.197,35.357,3
-42.566,19.999,35.775,3
-39.059,19.933,35.913,3
34.589,18.551,38.835,3
45.11,18.354,39.251,3
48.617,18.288,39.391,3
-60.303,24.556,35.683,3
-56.796,24.491,35.822,3
-53.289,24.425,35.962,3
-42.768,24.227,36.379,3
-39.261,24.162,36.518,3
-35.754,24.095,36.657,3
34.388,22.78,39.438,3
44.909,22.582,39.856,3
-53.491,28.652,36.566,3
-49.983,28.587,36.705,3
-14.913,27.928,38.095,3
-4.3916,27.731,38.513,3
-60.706,33.013,36.892,3
-57.199,32.946,37.03,3
-43.171,32.683,37.587,3
5.9281,31.762,39.534,3
26.971,31.367,40.369,3
40.999,31.103,40.925,3
44.506,31.037,41.065,3
48.013,30.972,41.204,3
-57.401,37.175,37.635,3
-50.386,37.043,37.913,3
-46.879,36.977,38.053,3
-39.865,36.846,38.331,3
-15.316,36.385,39.305,3
37.29,35.397,41.391,3
40.797,35.331,41.529,3
47.811,35.2,41.808,3
-54.095,41.336,38.378,3
-50.588,41.271,38.517,3
-36.56,41.008,39.074,3
30.075,39.757,41.717,3
33.582,39.691,41.855,3
37.089,39.625,41.995,3
40.596,39.56,42.134,3
44.103,39.493,42.273,3
-57.804,45.63,38.843,3
-47.282,45.433,39.261,3
-33.254,45.169,39.817,3
-29.747,45.104,39.956,3
-1.6906,44.577,41.069,3
1.8165,44.512,41.208,3
19.352,44.182,41.903,3
22.859,44.117,42.042,3
33.38,43.919,42.46,3
36.887,43.854,42.599,3
47.408,43.656,43.016,3
50.915,43.59,43.155,3
-50.991,49.727,39.725,3
-47.484,49.661,39.865,3
-43.977,49.595,40.004,3
-40.47,49.53,40.143,3
-1.8921,48.805,41.673,3
1.615,48.739,41.812,3
19.15,48.41,42.508,3
26.164,48.279,42.785,3
29.672,48.213,42.925,3
33.179,48.147,43.064,3
36.686,48.081,43.203,3
43.7,47.95,43.481,3
-51.193,53.955,40.33,3
-44.178,53.823,40.608,3
-9.1077,53.165,41.999,3
-2.0936,53.033,42.277,3
8.4276,52.836,42.694,3
32.977,52.375,43.669,3
43.498,52.177,44.085,3
47.005,52.112,44.224,3
-33.859,57.853,41.63,3
-16.323,57.525,42.325,3
8.2261,57.064,43.299,3
22.254,56.8,43.856,3
32.776,56.603,44.272,3
39.79,56.471,44.551,3
-37.567,62.147,42.095,3
-34.06,62.082,42.234,3
-30.553,62.016,42.373,3
-2.4966,61.489,43.486,3
1.0104,61.423,43.625,3
11.532,61.225,44.042,3
15.039,61.16,44.181,3
18.546,61.094,44.32,3
22.053,61.028,44.459,3
32.574,60.831,44.877,3
39.588,60.699,45.154,3
-37.769,66.376,42.699,3
-30.755,66.243,42.977,3
-27.248,66.178,43.116,3
-16.726,65.98,43.534,3
-13.219,65.915,43.673,3
-9.7123,65.849,43.812,3
-2.6982,65.717,44.09,3
0.80891,65.651,44.229,3
21.851,65.256,45.064,3
-13.421,70.143,44.277,3
0.60739,69.879,44.833,3
4.1145,69.813,44.973,3
7.6215,69.748,45.112,3
11.129,69.682,45.251,3
14.636,69.616,45.389,3
18.143,69.55,45.529,3
21.65,69.484,45.668,3
-13.622,74.371,44.881,3
0.40588,74.107,45.437,3
16.921,-53.795,31.411,3
16.719,-49.567,32.016,3
-15.046,-44.747,31.368,3
9.5037,-45.207,32.342,3
13.011,-45.273,32.481,3
16.518,-45.34,32.62,3
-29.276,-40.255,31.416,3
-22.261,-40.387,31.694,3
-8.2331,-40.65,32.251,3
2.2881,-40.848,32.668,3
5.7951,-40.914,32.807,3
12.809,-41.045,33.085,3
-36.491,-35.896,31.742,3
-32.984,-35.961,31.881,3
-25.97,-36.093,32.16,3
-8.4346,-36.422,32.855,3
-4.9276,-36.489,32.994,3
16.115,-36.883,33.828,3
23.129,-37.015,34.107,3
26.636,-37.081,34.246,3
30.143,-37.146,34.385,3
33.65,-37.212,34.523,3
-40.2,-31.602,32.207,3
-36.693,-31.668,32.347,3
-33.186,-31.734,32.485,3
-29.679,-31.799,32.624,3
-22.664,-31.931,32.902,3
-8.6362,-32.194,33.459,3
-5.1291,-32.26,33.599,3
5.3921,-32.458,34.015,3
19.42,-32.721,34.572,3
29.942,-32.919,34.989,3
-40.401,-27.374,32.811,3
-33.387,-27.506,33.09,3
-26.373,-27.638,33.368,3
-8.8377,-27.966,34.063,3
-5.3306,-28.032,34.202,3
1.6835,-28.164,34.481,3
5.1906,-28.23,34.62,3
19.219,-28.493,35.176,3
22.726,-28.559,35.315,3
29.74,-28.691,35.594,3
-37.096,-23.212,33.555,3
-30.082,-23.344,33.832,3
-26.575,-23.409,33.972,3
-12.546,-23.673,34.529,3
1.482,-23.936,35.084,3
4.9891,-24.002,35.224,3
15.51,-24.199,35.641,3
19.017,-24.265,35.781,3
33.046,-24.528,36.336,3
40.06,-24.66,36.615,3
-44.311,-18.852,33.88,3
-40.804,-18.918,34.02,3
-30.283,-19.115,34.437,3
-26.776,-19.181,34.576,3
18.816,-20.037,36.384,3
22.323,-20.103,36.524,3
29.337,-20.235,36.802,3
-44.513,-14.624,34.485,3
-30.485,-14.887,35.041,3
-26.978,-14.953,35.18,3
18.614,-15.809,36.989,3
32.643,-16.072,37.545,3
39.657,-16.204,37.823,3
-48.221,-10.331,34.95,3
-44.714,-10.396,35.089,3
-37.7,-10.528,35.367,3
-13.151,-10.989,36.341,3
-6.1367,-11.12,36.619,3
0.87745,-11.252,36.898,3
35.948,-11.91,38.288,3
-48.423,-6.1024,35.554,3
-44.916,-6.1685,35.694,3
-41.409,-6.2342,35.833,3
-37.902,-6.3,35.971,3
-16.859,-6.6948,36.806,3
25.225,-7.4849,38.475,3
28.732,-7.5507,38.614,3
35.747,-7.6824,38.893,3
-48.625,-1.8745,36.158,3
-45.117,-1.9403,36.297,3
-41.61,-2.006,36.436,3
25.024,-3.257,39.08,3
28.531,-3.3227,39.219,3
39.052,-3.5204,39.636,3
-45.319,2.2876,36.902,3
-41.812,2.2219,37.041,3
-3.2342,1.4976,38.571,3
35.344,0.77367,40.101,3
38.851,0.7079,40.24,3
-49.028,6.5814,37.366,3
-45.52,6.5156,37.506,3
0.071381,5.6595,39.315,3
31.635,5.0675,40.567,3
38.649,4.9356,40.844,3
-52.736,10.875,37.832,3
-49.229,10.81,37.971,3
-38.708,10.612,38.389,3
-35.201,10.546,38.528,3
-31.694,10.48,38.666,3
-10.651,10.085,39.502,3
-7.1443,10.019,39.64,3
-3.6372,9.9535,39.779,3
31.433,9.2952,41.17,3
38.448,9.1639,41.449,3
41.955,9.0974,41.587,3
45.462,9.0319,41.726,3
-56.445,15.169,38.297,3
-49.431,15.038,38.575,3
3.1754,14.05,40.661,3
38.246,13.392,42.052,3
41.753,13.326,42.192,3
-56.646,19.397,38.901,3
-53.139,19.331,39.04,3
-4.0402,18.409,40.987,3
-0.53317,18.343,41.127,3
38.045,17.62,42.657,3
45.059,17.487,42.935,3
-60.355,23.691,39.367,3
-56.848,23.625,39.505,3
-53.341,23.559,39.645,3
-39.312,23.296,40.201,3
30.829,21.979,42.982,3
37.843,21.848,43.261,3
-53.542,27.787,40.249,3
-50.035,27.721,40.388,3
-46.528,27.655,40.527,3
-43.021,27.59,40.667,3
27.12,26.273,43.448,3
44.656,25.944,44.144,3
48.163,25.878,44.282,3
-39.715,31.752,41.409,3
-36.208,31.686,41.549,3
-11.659,31.225,42.522,3
37.44,30.304,44.469,3
44.454,30.171,44.748,3
47.961,30.106,44.887,3
-57.452,36.309,41.318,3
-36.41,35.914,42.153,3
-32.903,35.848,42.292,3
-8.3534,35.387,43.265,3
-1.3392,35.256,43.544,3
30.224,34.663,44.796,3
37.238,34.532,45.074,3
-57.654,40.537,41.923,3
-54.147,40.471,42.062,3
-36.611,40.142,42.757,3
30.023,38.891,45.4,3
33.53,38.826,45.539,3
40.544,38.694,45.817,3
44.051,38.628,45.956,3
-29.799,44.238,43.639,3
-15.771,43.975,44.196,3
-12.263,43.909,44.334,3
-1.7423,43.712,44.752,3
-51.043,48.861,43.409,3
-47.536,48.795,43.548,3
-8.9579,48.071,45.078,3
5.0703,47.808,45.634,3
47.155,47.018,47.304,3
-44.23,52.958,44.292,3
-40.723,52.891,44.43,3
-9.1594,52.299,45.682,3
-2.1453,52.167,45.961,3
8.3759,51.97,46.377,3
18.897,51.773,46.795,3
22.404,51.706,46.934,3
32.925,51.51,47.352,3
-37.418,57.054,45.174,3
-26.896,56.856,45.591,3
-23.389,56.791,45.73,3
11.681,56.132,47.121,3
22.203,55.935,47.539,3
32.724,55.737,47.955,3
-37.619,61.281,45.778,3
-27.098,61.085,46.195,3
-20.084,60.953,46.474,3
-13.07,60.821,46.751,3
-9.5625,60.755,46.891,3
7.9729,60.426,47.587,3
11.48,60.36,47.725,3
14.987,60.294,47.864,3
22.001,60.163,48.143,3
-30.806,65.378,46.661,3
-23.792,65.246,46.938,3
-13.271,65.049,47.356,3
21.8,64.391,48.746,3
-11.59,-45.678,35.19,3
-8.0833,-45.743,35.329,3
5.945,-46.008,35.886,3
-22.313,-41.253,35.377,3
-8.2848,-41.516,35.934,3
9.2505,-41.845,36.629,3
16.265,-41.977,36.908,3
-15.5,-37.157,36.259,3
-8.4864,-37.288,36.538,3
-4.9793,-37.353,36.677,3
5.5419,-37.551,37.095,3
26.584,-37.946,37.929,3
-22.716,-32.797,36.586,3
-8.6879,-33.06,37.143,3
5.3404,-33.324,37.698,3
26.383,-33.718,38.533,3
-36.946,-28.306,36.634,3
-26.425,-28.503,37.051,3
-8.8894,-28.832,37.746,3
-5.3823,-28.898,37.886,3
1.6318,-29.03,38.164,3
15.66,-29.293,38.72,3
22.674,-29.424,38.998,3
26.181,-29.491,39.138,3
29.688,-29.556,39.277,3
-12.598,-24.538,38.212,3
1.4303,-24.802,38.768,3
4.9374,-24.867,38.907,3
15.459,-25.065,39.325,3
22.473,-25.197,39.602,3
32.994,-25.395,40.02,3
-44.363,-19.718,37.564,3
-40.856,-19.784,37.703,3
-37.349,-19.849,37.842,3
-33.842,-19.916,37.981,3
1.2288,-20.573,39.372,3
18.764,-20.903,40.068,3
25.778,-21.034,40.346,3
36.299,-21.232,40.764,3
-48.072,-15.424,38.029,3
-44.565,-15.49,38.168,3
-41.058,-15.556,38.307,3
-27.029,-15.819,38.863,3
18.563,-16.675,40.672,3
25.577,-16.807,40.95,3
29.084,-16.872,41.089,3
-44.766,-11.262,38.772,3
-27.231,-11.591,39.468,3
-48.475,-6.968,39.237,3
-41.461,-7.0998,39.516,3
-34.446,-7.2313,39.794,3
-9.897,-7.6923,40.768,3
28.681,-8.4162,42.297,3
-38.155,-2.9377,40.259,3
-10.098,-3.4644,41.372,3
0.42271,-3.6617,41.789,3
7.4368,-3.7936,42.067,3
35.493,-4.3202,43.18,3
-48.878,1.4877,40.446,3
-45.371,1.422,40.585,3
-10.3,0.76379,41.976,3
-6.7929,0.69768,42.115,3
7.2353,0.43471,42.671,3
28.278,0.03952,43.506,3
35.292,-0.092013,43.784,3
-49.079,5.7152,41.05,3
-45.572,5.6497,41.189,3
-14.009,5.0578,42.441,3
-10.502,4.9913,42.58,3
31.583,4.2017,44.249,3
38.597,4.0698,44.527,3
-49.281,9.9437,41.654,3
31.382,8.4302,44.853,3
38.396,8.298,45.132,3
-49.482,14.172,42.258,3
-45.975,14.105,42.397,3
-28.44,13.777,43.093,3
20.659,12.855,45.041,3
38.194,12.526,45.736,3
41.701,12.46,45.875,3
-53.191,18.466,42.724,3
-42.67,18.268,43.141,3
-39.163,18.203,43.28,3
-35.656,18.136,43.419,3
-7.599,17.61,44.531,3
-4.0919,17.544,44.671,3
16.95,17.149,45.505,3
20.458,17.083,45.645,3
37.993,16.754,46.34,3
-53.392,22.693,43.327,3
-49.885,22.627,43.467,3
-46.378,22.562,43.606,3
-35.857,22.364,44.023,3
-7.8005,21.838,45.136,3
16.749,21.377,46.11,3
23.763,21.245,46.388,3
27.27,21.18,46.527,3
30.777,21.114,46.667,3
37.791,20.982,46.944,3
48.313,20.784,47.362,3
-50.087,26.856,44.071,3
-43.073,26.724,44.35,3
-39.566,26.658,44.489,3
16.547,25.605,46.713,3
23.562,25.473,46.992,3
27.069,25.407,47.131,3
41.097,25.144,47.688,3
44.604,25.078,47.827,3
48.111,25.013,47.965,3
-50.288,31.083,44.675,3
-46.781,31.018,44.814,3
-8.2036,30.294,46.345,3
30.374,29.57,47.874,3
37.388,29.438,48.153,3
40.895,29.372,48.292,3
44.402,29.306,48.431,3
47.91,29.24,48.57,3
-46.983,35.246,45.419,3
-43.476,35.179,45.557,3
2.1161,34.324,47.366,3
19.651,33.995,48.061,3
26.666,33.863,48.34,3
37.187,33.666,48.757,3
40.694,33.601,48.896,3
-43.677,39.408,46.162,3
-40.17,39.342,46.301,3
-26.142,39.079,46.858,3
19.45,38.223,48.666,3
26.464,38.091,48.944,3
33.478,37.96,49.222,3
36.985,37.894,49.361,3
43.999,37.762,49.639,3
-40.372,43.569,46.905,3
-36.865,43.504,47.044,3
-29.851,43.373,47.322,3
-12.315,43.043,48.018,3
-1.794,42.846,48.435,3
12.234,42.583,48.992,3
15.741,42.517,49.13,3
22.755,42.385,49.409,3
26.263,42.319,49.548,3
29.77,42.254,49.687,3
33.277,42.187,49.826,3
-1.9955,47.074,49.04,3
1.5116,47.008,49.179,3
12.033,46.811,49.596,3
26.061,46.547,50.153,3
-30.254,51.829,48.531,3
-26.746,51.763,48.67,3
-23.239,51.697,48.809,3
-12.718,51.499,49.226,3
11.831,51.038,50.2,3
-23.441,55.925,49.413,3
-16.427,55.793,49.692,3
-2.3985,55.53,50.248,3
1.1085,55.464,50.387,3
4.6156,55.398,50.526,3
11.63,55.267,50.804,3
15.137,55.201,50.944,3
22.151,55.069,51.222,3
-27.15,60.218,49.879,3
-16.628,60.021,50.296,3
-13.121,59.956,50.434,3
14.935,59.428,51.547,3
-23.844,64.38,50.622,3
-20.337,64.315,50.761,3
-13.323,64.183,51.039,3
-8.3365,-42.381,39.617,3
-22.566,-37.891,39.665,3
-15.552,-38.022,39.944,3
8.9973,-38.483,40.917,3
12.504,-38.549,41.055,3
16.011,-38.615,41.195,3
-19.261,-33.728,40.408,3
-8.7396,-33.926,40.826,3
8.7958,-34.255,41.521,3
-26.476,-29.368,40.734,3
-22.969,-29.434,40.874,3
-15.955,-29.566,41.151,3
-8.9411,-29.698,41.429,3
1.5801,-29.895,41.847,3
12.101,-30.093,42.264,3
15.608,-30.159,42.403,3
22.623,-30.29,42.681,3
26.13,-30.356,42.821,3
29.637,-30.422,42.96,3
33.144,-30.488,43.099,3
-30.185,-25.075,41.2,3
-26.678,-25.14,41.339,3
-9.1426,-25.47,42.034,3
4.8857,-25.733,42.59,3
15.407,-25.931,43.008,3
18.914,-25.996,43.147,3
-40.908,-20.65,41.386,3
-37.401,-20.715,41.525,3
-30.387,-20.848,41.804,3
-26.879,-20.913,41.943,3
-23.372,-20.978,42.082,3
-19.865,-21.044,42.221,3
-5.8371,-21.308,42.777,3
4.6841,-21.505,43.195,3
15.205,-21.702,43.611,3
18.712,-21.769,43.751,3
-37.602,-16.487,42.13,3
-27.081,-16.685,42.547,3
-9.5457,-17.014,43.243,3
0.97555,-17.211,43.659,3
4.4826,-17.277,43.799,3
11.497,-17.409,44.077,3
15.004,-17.475,44.216,3
25.525,-17.672,44.633,3
29.032,-17.738,44.772,3
-30.79,-12.391,43.012,3
-27.283,-12.457,43.151,3
0.77403,-12.983,44.264,3
4.2811,-13.049,44.403,3
21.816,-13.378,45.098,3
25.324,-13.444,45.238,3
-41.512,-7.9655,43.199,3
-38.005,-8.0312,43.338,3
-27.484,-8.2288,43.755,3
-13.456,-8.4922,44.312,3
0.57252,-8.7555,44.868,3
14.601,-9.0189,45.425,3
18.108,-9.0846,45.564,3
32.136,-9.348,46.12,3
-38.207,-3.8033,43.942,3
-10.15,-4.3301,45.055,3
17.906,-4.8567,46.168,3
28.428,-5.054,46.585,3
-45.422,0.55637,44.268,3
-41.915,0.49026,44.408,3
-38.408,0.4245,44.547,3
-27.887,0.22729,44.963,3
-6.8447,-0.1679,45.798,3
3.6765,-0.3652,46.215,3
21.212,-0.69463,46.911,3
28.226,-0.82616,47.189,3
31.733,-0.89183,47.328,3
35.24,-0.9576,47.467,3
-42.117,4.7183,45.011,3
-38.61,4.6525,45.151,3
-31.596,4.5206,45.429,3
-28.089,4.4551,45.568,3
-10.553,4.1264,46.263,3
13.996,3.6655,47.237,3
17.503,3.599,47.376,3
31.532,3.3358,47.932,3
-28.29,8.6833,46.172,3
-7.2477,8.2882,47.007,3
13.795,7.8927,47.842,3
27.823,7.6299,48.397,3
31.33,7.564,48.537,3
-46.027,13.24,46.081,3
-42.52,13.174,46.22,3
-39.013,13.108,46.359,3
-31.999,12.977,46.637,3
-28.492,12.911,46.777,3
-10.956,12.582,47.472,3
-7.4492,12.516,47.611,3
17.1,12.056,48.585,3
27.621,11.858,49.002,3
31.129,11.792,49.14,3
34.636,11.726,49.28,3
-35.707,17.271,47.103,3
-0.63659,16.613,48.493,3
2.8705,16.546,48.632,3
27.42,16.085,49.606,3
30.927,16.02,49.745,3
34.434,15.954,49.884,3
-49.937,21.762,47.15,3
-42.923,21.631,47.428,3
-39.416,21.564,47.567,3
-35.909,21.498,47.707,3
-21.881,21.235,48.263,3
-0.83811,20.84,49.098,3
2.669,20.774,49.236,3
16.697,20.511,49.793,3
20.204,20.446,49.932,3
23.711,20.379,50.071,3
27.218,20.314,50.211,3
30.725,20.248,50.35,3
34.233,20.183,50.489,3
44.754,19.985,50.906,3
-53.646,26.056,47.615,3
-50.139,25.99,47.754,3
-43.124,25.858,48.032,3
-39.617,25.792,48.172,3
-36.11,25.727,48.31,3
-25.589,25.529,48.728,3
-22.082,25.464,48.867,3
-11.561,25.266,49.285,3
16.496,24.739,50.398,3
23.51,24.608,50.675,3
27.017,24.542,50.814,3
41.045,24.279,51.371,3
44.552,24.212,51.51,3
-50.34,30.218,48.359,3
-36.312,29.954,48.915,3
-32.805,29.889,49.054,3
-29.298,29.823,49.194,3
-8.2553,29.428,50.028,3
16.294,28.967,51.001,3
26.815,28.769,51.419,3
30.322,28.704,51.557,3
37.337,28.573,51.836,3
-50.542,34.446,48.963,3
-47.035,34.38,49.102,3
-43.527,34.315,49.241,3
-36.513,34.182,49.519,3
-33.006,34.117,49.658,3
-15.471,33.787,50.353,3
-8.4568,33.656,50.632,3
2.0644,33.459,51.049,3
19.6,33.13,51.745,3
23.107,33.063,51.884,3
26.614,32.998,52.023,3
30.121,32.932,52.162,3
37.135,32.8,52.44,3
40.642,32.734,52.58,3
-43.729,38.542,49.845,3
-22.687,38.148,50.679,3
12.384,37.489,52.071,3
15.891,37.423,52.21,3
26.412,37.226,52.628,3
33.426,37.094,52.905,3
36.934,37.028,53.044,3
43.948,36.896,53.323,3
-43.931,42.77,50.45,3
-36.916,42.638,50.727,3
-33.409,42.573,50.866,3
-29.902,42.507,51.006,3
-12.367,42.177,51.701,3
1.6614,41.914,52.258,3
8.6755,41.783,52.536,3
12.183,41.717,52.675,3
19.197,41.585,52.953,3
22.704,41.52,53.092,3
33.225,41.322,53.51,3
-37.118,46.866,51.332,3
-19.583,46.538,52.027,3
-2.0472,46.208,52.723,3
15.488,45.879,53.418,3
18.995,45.813,53.558,3
22.502,45.747,53.697,3
29.516,45.616,53.975,3
-23.291,50.831,52.493,3
1.2583,50.371,53.466,3
4.7654,50.304,53.605,3
8.2725,50.239,53.745,3
11.78,50.173,53.884,3
-30.507,55.191,52.819,3
-27,55.124,52.957,3
-23.493,55.059,53.096,3
1.0568,54.598,54.07,3
4.5639,54.532,54.209,3
8.071,54.467,54.348,3
-2.6518,58.892,54.535,3
0.8553,58.826,54.675,3
14.884,58.563,55.231,3
7.6679,62.922,55.557,3
-8.7913,-34.791,44.509,3
-26.528,-30.235,44.418,3
-16.007,-30.432,44.834,3
-8.9928,-30.563,45.113,3
5.0355,-30.826,45.67,3
-12.701,-26.269,45.578,3
-9.1943,-26.336,45.717,3
4.8339,-26.599,46.273,3
8.341,-26.665,46.413,3
11.848,-26.73,46.552,3
15.355,-26.797,46.691,3
-30.438,-21.712,45.487,3
1.1254,-22.305,46.739,3
4.6324,-22.371,46.878,3
8.1395,-22.436,47.017,3
-9.5974,-17.88,46.926,3
0.92384,-18.077,47.343,3
21.966,-18.472,48.178,3
25.473,-18.538,48.316,3
-34.348,-13.191,46.556,3
-27.334,-13.322,46.834,3
-20.32,-13.454,47.112,3
-9.7989,-13.652,47.53,3
0.72233,-13.849,47.947,3
11.244,-14.047,48.364,3
18.258,-14.178,48.642,3
-38.057,-8.8972,47.022,3
-24.029,-9.1602,47.577,3
-20.522,-9.2263,47.717,3
-13.507,-9.3578,47.995,3
4.0279,-9.6869,48.69,3
11.042,-9.8187,48.969,3
28.577,-10.148,49.664,3
-38.258,-4.669,47.625,3
-34.751,-4.7347,47.764,3
-31.244,-4.8008,47.904,3
-24.23,-4.9323,48.182,3
-13.709,-5.1299,48.599,3
0.31929,-5.3933,49.156,3
17.855,-5.7224,49.851,3
28.376,-5.9196,50.268,3
-38.46,-0.44109,48.23,3
-31.446,-0.57262,48.507,3
-20.925,-0.77017,48.925,3
-13.91,-0.90205,49.204,3
-10.403,-0.96781,49.343,3
7.1319,-1.2969,50.038,3
17.653,-1.4944,50.456,3
24.667,-1.626,50.733,3
28.174,-1.6917,50.872,3
-38.661,3.7866,48.834,3
-35.154,3.7212,48.973,3
-24.633,3.5234,49.391,3
-21.126,3.4579,49.53,3
-7.0979,3.1947,50.086,3
24.466,2.6019,51.338,3
27.973,2.5364,51.477,3
-28.342,7.8175,49.855,3
-24.835,7.752,49.994,3
-14.314,7.5542,50.412,3
-10.806,7.4888,50.551,3
-0.28526,7.291,50.968,3
3.2218,7.2246,51.107,3
20.757,6.8959,51.803,3
-39.065,12.242,50.042,3
-35.557,12.177,50.181,3
-28.543,12.046,50.46,3
-11.008,11.716,51.155,3
-0.48678,11.518,51.573,3
20.556,11.124,52.407,3
24.063,11.058,52.546,3
-32.252,16.34,50.925,3
-25.238,16.207,51.203,3
-21.731,16.142,51.342,3
-7.7024,15.879,51.899,3
2.8188,15.681,52.316,3
9.8329,15.549,52.594,3
13.34,15.484,52.733,3
-39.468,20.699,51.251,3
-35.96,20.633,51.39,3
-25.439,20.436,51.807,3
-21.932,20.369,51.946,3
-7.9039,20.106,52.503,3
-0.88981,19.975,52.781,3
16.646,19.645,53.476,3
23.66,19.514,53.755,3
-39.669,24.927,51.855,3
-36.162,24.861,51.994,3
-32.655,24.795,52.133,3
-29.148,24.73,52.272,3
-25.641,24.663,52.411,3
-18.627,24.532,52.69,3
-11.613,24.4,52.968,3
-1.0913,24.202,53.385,3
2.4157,24.137,53.524,3
16.444,23.874,54.081,3
23.458,23.742,54.358,3
26.965,23.676,54.498,3
-39.871,29.155,52.459,3
-36.364,29.089,52.598,3
-22.335,28.826,53.155,3
-4.7999,28.496,53.85,3
2.2142,28.365,54.129,3
23.257,27.97,54.963,3
26.764,27.904,55.102,3
37.285,27.707,55.519,3
-36.565,33.316,53.202,3
-29.551,33.185,53.48,3
-22.537,33.053,53.759,3
-19.03,32.988,53.898,3
-12.016,32.855,54.176,3
-1.4944,32.659,54.593,3
9.0268,32.461,55.011,3
19.548,32.264,55.428,3
26.562,32.132,55.706,3
37.083,31.934,56.124,3
-19.231,37.216,54.502,3
-1.6959,36.886,55.198,3
5.3183,36.755,55.476,3
12.332,36.623,55.754,3
15.839,36.558,55.893,3
36.882,36.163,56.727,3
-26.447,41.575,54.828,3
-22.94,41.51,54.967,3
-15.926,41.378,55.246,3
-12.419,41.312,55.385,3
5.1167,40.983,56.08,3
8.6238,40.917,56.219,3
22.652,40.654,56.775,3
33.173,40.456,57.193,3
-19.634,45.672,55.71,3
-16.127,45.606,55.85,3
-12.62,45.54,55.989,3
-2.0989,45.342,56.406,3
1.4081,45.276,56.545,3
4.9152,45.211,56.684,3
18.943,44.948,57.241,3
29.465,44.75,57.658,3
-23.343,49.965,56.176,3
-2.3004,49.57,57.01,3
1.2066,49.505,57.149,3
11.728,49.307,57.567,3
-27.051,54.26,56.641,3
-23.544,54.193,56.78,3
1.0051,53.732,57.753,3
-2.7035,58.026,58.219,3
4.3107,57.895,58.497,3
-2.905,62.254,58.823,3
-16.26,-27.07,49.122,3
-16.462,-22.841,49.727,3
-12.955,-22.907,49.865,3
-27.184,-18.416,49.913,3
-20.17,-18.548,50.191,3
-13.156,-18.68,50.47,3
7.8863,-19.074,51.304,3
-27.386,-14.188,50.518,3
-16.865,-14.386,50.934,3
-9.8506,-14.517,51.213,3
0.67062,-14.715,51.63,3
4.1777,-14.781,51.77,3
7.6848,-14.847,51.909,3
11.192,-14.912,52.047,3
-38.109,-9.7628,50.705,3
-27.587,-9.9601,51.121,3
-10.052,-10.29,51.818,3
3.9762,-10.553,52.373,3
7.4832,-10.619,52.513,3
10.99,-10.684,52.652,3
14.497,-10.75,52.791,3
-38.31,-5.5346,51.308,3
-27.789,-5.7321,51.726,3
-20.775,-5.864,52.005,3
-13.761,-5.9956,52.282,3
0.26758,-6.2589,52.839,3
7.2817,-6.3904,53.117,3
14.296,-6.5223,53.395,3
17.803,-6.588,53.534,3
-38.512,-1.3067,51.913,3
-35.005,-1.3724,52.052,3
-31.498,-1.4385,52.191,3
-27.99,-1.5043,52.33,3
-24.483,-1.5701,52.469,3
-10.455,-1.8334,53.026,3
3.5731,-2.0968,53.582,3
14.094,-2.2944,54,3
17.601,-2.3601,54.139,3
-10.657,2.3943,53.63,3
6.8787,2.0656,54.326,3
3.1701,6.3597,54.79,3
6.6772,6.2929,54.93,3
10.184,6.2274,55.069,3
13.691,6.1619,55.208,3
24.213,5.9642,55.625,3
-35.609,11.311,53.865,3
-28.595,11.18,54.143,3
-21.581,11.048,54.42,3
-18.074,10.982,54.56,3
-11.06,10.85,54.838,3
-0.53849,10.653,55.256,3
9.9827,10.456,55.672,3
13.49,10.389,55.812,3
24.011,10.193,56.229,3
-35.811,15.539,54.468,3
-32.304,15.473,54.608,3
-25.289,15.342,54.886,3
-11.261,15.078,55.443,3
-0.74,14.881,55.86,3
2.7671,14.815,55.999,3
13.288,14.618,56.416,3
-36.012,19.767,55.073,3
-32.505,19.701,55.212,3
-11.463,19.307,56.047,3
-7.9557,19.24,56.186,3
2.5655,19.044,56.603,3
13.087,18.846,57.02,3
16.594,18.779,57.159,3
-43.228,24.127,55.399,3
-32.707,23.929,55.816,3
-29.2,23.864,55.955,3
-25.693,23.797,56.094,3
-15.171,23.601,56.512,3
-11.664,23.534,56.651,3
9.3782,23.14,57.486,3
12.885,23.073,57.625,3
-39.922,28.289,56.142,3
-18.88,27.894,56.977,3
-15.373,27.828,57.116,3
-11.866,27.762,57.255,3
5.6696,27.434,57.951,3
9.1766,27.367,58.089,3
-26.096,32.254,57.303,3
-22.588,32.187,57.442,3
-19.081,32.122,57.581,3
-1.5461,31.793,58.276,3
1.961,31.727,58.416,3
5.4681,31.661,58.555,3
15.989,31.463,58.972,3
19.496,31.398,59.111,3
-19.283,36.35,58.185,3
-15.776,36.285,58.324,3
-12.269,36.218,58.463,3
-1.7476,36.02,58.881,3
1.7595,35.955,59.02,3
5.2665,35.889,59.16,3
-26.499,40.71,58.511,3
-12.47,40.446,59.068,3
5.065,40.118,59.763,3
8.5721,40.051,59.903,3
-19.686,44.806,59.393,3
1.3564,44.41,60.228,3
4.8635,44.345,60.367,3
1.1549,48.639,60.833,3
-23.596,53.328,60.464,3
-16.715,-19.479,54.014,3
-13.208,-19.545,54.153,3
-27.438,-15.054,54.201,3
-27.639,-10.826,54.805,3
-13.611,-11.089,55.361,3
-10.104,-11.155,55.501,3
3.9245,-11.418,56.057,3
-27.841,-6.5978,55.409,3
-17.319,-6.7954,55.827,3
-13.812,-6.8611,55.965,3
-28.042,-2.3699,56.013,3
-17.521,-2.5675,56.431,3
3.5214,-2.9624,57.265,3
7.0285,-3.0282,57.404,3
-17.722,1.6607,57.035,3
-14.215,1.5949,57.174,3
-10.708,1.5285,57.313,3
-21.431,5.9544,57.5,3
-17.924,5.8889,57.639,3
6.6255,5.428,58.613,3
-25.14,10.248,57.965,3
-14.618,10.051,58.382,3
-0.59019,9.7875,58.939,3
2.9169,9.722,59.078,3
-18.932,27.028,60.66,3
-15.425,26.963,60.799,3
5.6179,26.568,61.634,3
-19.133,31.256,61.265,3
1.9093,30.861,62.099,3
-15.828,35.419,62.007,3
-12.321,35.353,62.147,3
1.7078,35.089,62.703,3
5.0133,39.252,63.447,3
-17.573,-3.4331,60.114,3
3.4697,-3.828,60.948,3
-17.774,0.79452,60.718,3
-17.976,5.0231,61.322,3
