"","face","place","object","x","y","z","subject","class","cluster"
"101",0.672992862635321,-1.39360863800973,0.720615775374406,-38.702,5.9355,-37.484,7,"object",3
"100",1.72776835622937,-1.38472565263214,-0.343042703597224,-27.468,0.28207,-30.005,7,"face",1
"10001",-0.537746180862808,-0.97492914084424,1.51267532170705,55.115,43.306,1.0207,7,"object",3
"10051",-0.305587057726554,-0.778286188803643,1.0838732465302,-61.984,49.777,-2.3228,7,"object",3
"1014",2.06339591069981,-3.05759602704021,0.994200116340402,-46.908,58.483,-0.79706,7,"object",3
"1024",-1.7431693297507,-1.4783009166325,3.2214702463832,39.934,64.178,2.8858,7,"object",3
"1029",-0.84656008287739,1.65840650997028,-0.811846427092891,-20.504,67.382,1.1455,7,"place",2
"10342",2.54761613868333,-2.13805401588744,-0.409562122795895,-50.73,71.096,0.51682,7,"face",1
"1041",-0.334800558367277,1.15085112440293,-0.816050566035655,13.469,72.182,2.8808,7,"place",2
"10421",-0.13115640041617,0.655846249265355,-0.524689848849184,17.245,72.246,3.0202,7,"place",2
"10432",-0.848690014435988,1.72494519012015,-0.876255175684163,21.021,72.309,3.1592,7,"place",2
"10502",-0.798137717175442,1.85350953880675,-1.0553718216313,9.6771,76.344,3.2261,7,"place",2
"1051",-0.735738105278233,1.72769494106296,-0.991956835784723,13.454,76.407,3.3651,7,"place",2
"10521",-0.0735795294805376,0.615717060955786,-0.542137531475249,17.23,76.471,3.5045,7,"place",2
"1059",-0.478321899384612,0.939032568269764,-0.460710668885152,-20.549,80.058,2.5974,7,"place",2
"10711",-0.697555633484241,0.894858503492908,-0.197302870008667,5.8705,84.731,4.0557,7,"place",2
"10822",0.172875330751477,-2.00372499304328,1.8308496622918,20.961,89.211,5.0967,7,"object",3
"1138",0.95649415790438,0.715784645143668,-1.67227880304805,55.196,4.469,0.43435,7,"place",2
"1145",0.882930535673654,0.704745638797307,-1.58767617447096,51.389,12.856,1.264,7,"place",2
"1175",2.19438064016695,-2.1722942015754,-0.0220864385915444,51.283,42.433,4.6542,7,"face",1
"11911",1.23938485691325,-2.50979624229118,1.27041138537793,-54.516,57.546,2.697,7,"object",3
"1197",1.66050413801754,-1.16248528904885,-0.498018848968687,-58.308,61.708,3.0432,7,"face",1
"1205",1.86620942962496,-1.66738577193648,-0.198823657688485,-54.547,65.997,3.6659,7,"face",1
"12091",-0.962043603159129,2.48626256819426,-1.52421896503513,-16.783,66.636,5.0573,7,"place",2
"1210",-0.841170576562723,1.55536899743211,-0.714198420869388,9.6522,67.083,6.0309,7,"place",2
"1211",-0.378528063359546,1.17283837123636,-0.794310307876816,17.205,67.211,6.3083,7,"place",2
"1216",2.97073527362677,-1.9235349347715,-1.04720033885527,-50.785,70.286,4.2893,7,"face",1
"1219",-0.194230268956604,0.715522679595401,-0.521292410638797,-24.351,70.734,5.2632,7,"place",2
"1221",-0.477328018418454,0.771978004574036,-0.294649986155581,13.413,71.373,6.6536,7,"place",2
"12291",-0.75275956121931,0.96581474214409,-0.21305518092478,-13.036,75.15,6.1652,7,"place",2
"12321",-0.704963645965549,1.05883598862589,-0.35387234266034,2.0692,75.406,6.7211,7,"place",2
"1233",-0.275640012110216,1.09219512977441,-0.816555117664194,5.8456,75.47,6.8604,7,"place",2
"1234",-0.557732732458845,0.770002376508545,-0.2122696440497,13.398,75.598,7.1379,7,"place",2
"1235",-0.230733272298865,0.769820557949424,-0.539087285650559,17.175,75.661,7.2769,7,"place",2
"1241",-1.25288418673526,2.85285823093881,-1.59997404420355,-31.934,79.056,5.9534,7,"place",2
"1243",-0.68955228770606,0.951043993903882,-0.261491706197822,-13.052,79.376,6.6495,7,"place",2
"1249",-1.41443581660959,1.79263981043632,-0.378203993826728,-35.725,83.217,6.2983,7,"place",2
"125",-0.294898039518261,-0.579625915880451,0.874523955398712,32.924,9.7548,-26.811,7,"object",3
"12561",-0.538539651346002,0.993518263381443,-0.454978612035441,5.8153,83.92,7.829,7,"place",2
"1269",-1.64221165095219,0.0716274944481764,1.57058415650402,-31.979,91.732,7.4063,7,"object",3
"12742",0.21030663190096,0.426445679501132,-0.636752311402093,6.2596,-56.326,-4.3815,7,"place",2
"12791",0.223652487212612,0.459589362123476,-0.683241849336088,6.2444,-52.101,-3.8972,7,"place",2
"1284",0.227239548101815,0.459982766508374,-0.687222314610189,6.2293,-47.876,-3.4129,7,"place",2
"1302",0.330499205050965,0.447687489557571,-0.778186694608537,17.528,-39.233,-2.0262,7,"place",2
"13671",0.554029601054632,1.58666160283456,-2.14069120388919,58.826,29.075,7.2523,7,"place",2
"1373",2.12361303170403,-1.74565149196889,-0.377961539735141,51.228,41.624,8.4274,7,"face",1
"1378",2.35165554547983,-0.820774650586529,-1.53088089489331,47.437,45.785,8.7725,7,"face",1
"13791",2.35201628182656,-1.18946730303745,-1.16254897878911,51.213,45.849,8.9117,7,"face",1
"1396",2.1145068708583,-1.08550732464682,-1.02899954621147,-54.602,65.187,7.4393,7,"face",1
"1397",1.65697459055254,0.028286525602347,-1.68526111615488,-50.825,65.251,7.5787,7,"face",1
"1398",-0.870486030676653,1.23672297284631,-0.36623694216966,-9.285,65.953,9.1081,7,"place",2
"13991",-1.21694141376332,1.30291129878003,-0.085969885016704,9.597,66.273,9.8033,7,"place",2
"1400",-0.74987433624843,1.45315210398598,-0.703277767737554,13.373,66.337,9.9427,7,"place",2
"1401",-1.19166688737173,2.65856683052654,-1.46689994315481,17.15,66.4,10.082,7,"place",2
"1405",-0.693728573158037,0.976515153124504,-0.282786579966466,-9.3001,70.178,9.5924,7,"place",2
"1410",0.275792547232713,1.77966878048182,-2.05546132771453,-50.856,73.701,8.5473,7,"place",2
"1414",-0.731815901755633,0.466997823342797,0.264818078412837,-5.5388,74.468,10.216,7,"object",3
"1415",-1.10474819960426,0.387324165369825,0.717424034234439,-1.7624,74.532,10.355,7,"object",3
"1416",-0.956555963223694,0.882087635186955,0.0744683280367391,2.014,74.596,10.493,7,"place",2
"1421",-1.13329864282005,2.39227578261964,-1.25897713979959,-31.989,78.246,9.7268,7,"place",2
"14221",-0.738836341345225,1.09050679534178,-0.351670453996556,-16.883,78.502,10.283,7,"place",2
"14321",-1.22999459414949,1.74456346832449,-0.514568874175,-32.004,82.471,10.211,7,"place",2
"14331",-2.12655458573788,3.19681307415995,-1.07025848842207,-28.227,82.535,10.35,7,"place",2
"14341",-0.210899585526859,1.35926421958352,-1.14836463405666,-20.675,82.663,10.628,7,"place",2
"1436",-0.884206406402802,1.28647437230661,-0.402267965903812,-13.122,82.791,10.906,7,"place",2
"1450",-0.327918629443014,1.36918046089074,-1.04126183144773,13.298,87.464,12.364,7,"place",2
"14511",-2.4099219210766,2.74946316367216,-0.339541242595565,20.851,87.591,12.642,7,"place",2
"1452",-0.918197998694235,-0.262868407988112,1.18106640668235,-32.034,90.922,11.18,7,"object",3
"1453",-1.5563465459622,-0.20231268071431,1.75865922667651,-24.481,91.05,11.457,7,"object",3
"1460",-1.21192408895784,1.74158803166143,-0.529663942703597,-24.007,-57.647,-1.7208,7,"place",2
"14672",-0.0955469213169091,0.494718050206205,-0.399171128889295,-24.022,-53.422,-1.2365,7,"place",2
"14752",-0.24371722974103,-0.16940927816408,0.41312650790511,-31.59,-49.324,-1.0306,7,"object",3
"15181",-0.544532833744792,-0.333893342396308,0.8784261761411,51.37,-14.116,5.9037,7,"object",3
"1534",-0.357159886251422,-0.805266340781058,1.16242622703248,-62.043,17.77,5.6062,7,"object",3
"1549",2.56692598965516,-0.387743061488825,-2.17918292816634,51.158,45.039,12.684,7,"face",1
"1550",1.27235127447393,0.0570929591250492,-1.32944423359898,54.934,45.103,12.824,7,"face",1
"1553",2.39611225911508,-1.3907545960793,-1.00535766303579,-54.596,47.476,9.2749,7,"face",1
"1554",1.36432215271029,-0.686602549042726,-0.677719603667561,-47.044,47.603,9.553,7,"face",1
"1578",-1.63350051722416,-1.08679620695071,2.72029672417488,-43.313,60.343,11.145,7,"object",3
"1579",-1.04230646683871,1.68799619931895,-0.645689732480234,13.333,61.301,13.231,7,"place",2
"1586",-0.758202431077284,0.147658933744749,0.610543497332536,5.7655,65.399,13.437,7,"object",3
"15871",-0.971309970682494,0.971367488841583,-5.75181590894416e-05,9.5419,65.463,13.576,7,"place",2
"1593",2.18030517062176,-0.234140424739962,-1.9461647458818,-50.896,68.666,11.835,7,"face",1
"1594",2.15775223934348,-0.89623165832435,-1.26152058101913,-47.119,68.73,11.975,7,"face",1
"15991",-0.574239871091021,1.20547083682279,-0.631230965731772,13.303,69.752,14.2,7,"place",2
"1600",-0.406689323899617,-1.84634071753041,2.25303004143003,28.409,70.008,14.756,7,"object",3
"1604",-1.99392225657397,2.42193253872475,-0.428010282150778,-28.252,73.275,13.154,7,"place",2
"1611",-0.259913101380225,1.77845254759048,-1.51853944621026,-43.373,77.245,13.083,7,"place",2
"16121",-0.539809332931398,1.36500217012675,-0.825192837195348,-35.82,77.373,13.36,7,"place",2
"1613",-0.483968875600305,1.12995171193443,-0.64598283633412,-32.044,77.437,13.499,7,"place",2
"1624",-0.466725715251992,1.33200826419809,-0.865282548946094,-32.059,81.662,13.984,7,"place",2
"16332",1.38523925338298,1.82273589956068,-3.20797515294365,-16.969,86.142,15.025,7,"place",2
"1639",1.35662646952771,3.22727866929783,-4.58390513882554,-16.984,90.368,15.509,7,"place",2
"1640",1.44787487341018,0.420460072824702,-1.86833494623488,-13.207,90.432,15.648,7,"face",1
"1653",0.364224507647433,0.94672061770178,-1.31094512534921,-8.9564,-58.201,2.6088,7,"place",2
"1664",-0.533696410498581,-0.13501986291961,0.668716273418191,-12.748,-54.04,2.9537,7,"object",3
"1665",-0.0345726053766033,-0.746833970054312,0.781406575430915,-1.4187,-53.848,3.3705,7,"object",3
"1669",-0.49290671662629,-0.044036902473859,0.536943619100149,25.016,-53.401,4.3441,7,"object",3
"17051",-0.158281483483855,-0.560360444412611,0.718641927896466,47.599,-31.891,7.6005,7,"object",3
"17101",-0.354775342318323,-0.248221237285288,0.602996579603611,43.807,-27.73,7.9455,7,"object",3
"1711",-0.252769080631455,-0.301673178383219,0.554442259014675,47.584,-27.666,8.0848,7,"object",3
"17131",0.999143245275552,-0.0574052126287907,-0.941738032646762,-39.289,-24.91,5.3706,7,"face",1
"1715",-0.365952757072693,-0.232746076547238,0.598698833619931,43.792,-23.505,8.4298,7,"object",3
"1724",-0.260473454417564,-0.233076481255351,0.493549935672915,51.3,-10.701,10.161,7,"object",3
"1781",-0.922049751593003,-0.341892107499195,1.2639418590922,43.52,52.552,17.148,7,"object",3
"1788",0.480392623565752,0.147926439150547,-0.628319062716299,-47.129,55.245,14.295,7,"place",2
"1799",-1.98629725589466,0.789456233054765,1.1968410228399,32.16,60.811,17.699,7,"object",3
"1800",-0.868227325013714,0.479899113648631,0.388328211365082,35.937,60.875,17.839,7,"object",3
"1805",-0.689398275868283,1.40156417389488,-0.712165898026599,-20.725,64.142,16.237,7,"place",2
"18071",-0.940758604781094,1.09708851022924,-0.156329905448145,13.263,64.717,17.489,7,"place",2
"1808",-1.1047790824231,-0.3656291379113,1.4704082203344,32.145,65.037,18.184,7,"object",3
"18102",1.41542335845134,-0.490337487630862,-0.925085870820474,-50.951,67.857,15.609,7,"face",1
"18111",1.10993946040168,-0.225284572514985,-0.884654887886695,-47.174,67.92,15.748,7,"face",1
"1812",0.342298605382567,0.972427196448306,-1.31472580183087,-35.845,68.112,16.165,7,"place",2
"1816",-0.882455275196778,1.27068371029846,-0.388228435101684,13.248,68.942,17.973,7,"place",2
"1824",-0.0107598642854507,1.11539483397021,-1.10463496968476,-35.86,72.337,16.649,7,"place",2
"1829",1.39628870971457,-0.41767813677058,-0.978610572943992,-9.4256,72.784,17.623,7,"face",1
"18341",-0.880532147254941,1.35648748163587,-0.475955334380925,13.233,73.168,18.457,7,"place",2
"1837",-1.8955968874577,2.22619965486442,-0.330602767406714,-43.428,76.435,16.855,7,"place",2
"1839",-0.702068710176261,2.24434776449987,-1.54227905432361,-35.876,76.562,17.133,7,"place",2
"1840",-0.805494712015605,1.1370223823727,-0.3315276703571,-28.323,76.691,17.412,7,"place",2
"18471",1.77205713816021,-0.141378710645754,-1.63067842751445,32.1,77.712,19.637,7,"face",1
"1849",-1.1633042136944,1.37725591514143,-0.213951701447034,-39.667,80.724,17.479,7,"place",2
"1853",-1.24815363324307,2.20757434406208,-0.959420710819008,13.203,81.618,19.426,7,"place",2
"1863",-1.59885859255989,2.25246484755093,-0.653606254991039,16.964,85.907,20.049,7,"place",2
"18641",2.23242868234831,0.518710669846642,-2.75113935219495,-13.263,89.622,19.421,7,"face",1
"1871",-0.0150957495006976,1.05894741100822,-1.04385166150752,-9.0116,-59.011,6.3812,7,"place",2
"1875",0.526771765583288,2.56997855655362,-3.0967503221369,9.8704,-58.692,7.0764,7,"place",2
"1876",-0.263490871548843,1.71070808537072,-1.44721721382187,13.647,-58.628,7.2158,7,"place",2
"1878",-0.19962328057385,0.562514837804392,-0.362891557230541,-27.909,-55.106,6.1703,7,"place",2
"18791",-1.01435218810834,1.65111372530041,-0.636761537192068,-24.132,-55.041,6.3097,7,"place",2
"1891",-0.266701734614912,0.756346438502955,-0.489644703888043,-24.147,-50.816,6.794,7,"place",2
"1895",-0.174024881703925,0.442575517059963,-0.268550635356038,2.2874,-50.369,7.7676,7,"place",2
"18981",0.0159707412082604,-0.993303224338595,0.977332483130335,-39.268,-46.846,6.7215,7,"object",3
"1912",0.0938437584440299,-1.32571573480871,1.23187197636468,-35.507,-42.557,7.3452,7,"object",3
"1923",1.58611324683988,-1.15855142063367,-0.427561826206207,-46.882,-30.073,8.3803,7,"face",1
"1925",-0.105309720774908,-1.06417893853459,1.1694886593095,43.752,-28.539,11.719,7,"object",3
"1938",0.286462669638096,1.32482716670746,-1.61128983634555,-50.734,-9.0097,10.663,7,"place",2
"1944",-0.489909447144457,-0.830860504436551,1.32076995158101,54.99,-2.9959,15.042,7,"object",3
"201",0.38269414330558,-2.68381095880594,2.30111681550036,-23.606,-7.2946,-34.608,7,"object",3
"2003",1.0694478212776,1.5515470299505,-2.6209948512281,-28.332,63.204,19.732,7,"place",2
"20151",1.55587205026025,-0.735636955678646,-0.820235094581609,-1.9128,67.877,21.19,7,"face",1
"2022",-0.167107434251217,1.28957307923284,-1.12246564498163,-35.916,71.528,20.422,7,"place",2
"2028",1.38495719428227,-0.472078146606446,-0.912879047675826,-5.7044,72.038,21.535,7,"face",1
"2029",1.32278676754424,-0.754709368152575,-0.568077399391661,-1.928,72.102,21.674,7,"face",1
"2031",-0.564303488302568,0.977285166706214,-0.412981678403646,13.178,72.358,22.23,7,"place",2
"2032",0.128607819426071,2.16845033139615,-2.29705815082222,20.73,72.486,22.509,7,"place",2
"2037",-1.22656526063784,0.679793458830715,0.546771801807129,-43.484,75.625,20.628,7,"object",3
"2042",-1.3049742046255,1.37069744775593,-0.0657232431304316,-17.049,76.072,21.602,7,"place",2
"20451",0.909372856896732,0.478345099966915,-1.38771795686365,-1.9431,76.328,22.158,7,"place",2
"2048",-0.825153333677711,1.53828425684332,-0.713130923165612,13.162,76.584,22.715,7,"place",2
"2049",-1.3222876625264,2.28417496583337,-0.961887303306973,16.939,76.647,22.854,7,"place",2
"2050",-0.500810261352742,-1.88504568710767,2.38585594846041,28.268,76.839,23.271,7,"object",3
"2051",-0.680775573360148,-0.965655609340672,1.64643118270082,32.044,76.903,23.41,7,"object",3
"2058",-1.74728359685857,2.31592492387883,-0.568641327020262,13.147,80.809,23.199,7,"place",2
"2059",-0.849659652518445,1.51253327287069,-0.662873620352243,16.924,80.872,23.338,7,"place",2
"2064",0.149192988838388,1.10155700895261,-1.250749997791,-9.5262,84.65,22.849,7,"place",2
"2068",-1.51048641915065,2.18322034582493,-0.672733926674283,13.132,85.034,23.683,7,"place",2
"2085",-0.0772956708534115,-0.65201832006722,0.729313990920632,21.144,-59.31,11.267,7,"object",3
"20901",-0.265772170177408,-0.495080575045751,0.760852745223159,-5.3055,-55.532,10.777,7,"object",3
"20911",0.177585028019623,0.449942464084952,-0.627527492104574,-1.5291,-55.468,10.917,7,"place",2
"2096",-1.24395098421593,-0.44364939557584,1.68760037979177,-9.097,-51.37,11.123,7,"object",3
"20971",0.235023633797437,0.559309476882663,-0.7943331106801,-1.5442,-51.243,11.401,7,"place",2
"2098",0.343094988228105,0.491638813439553,-0.834733801667658,2.2322,-51.179,11.54,7,"place",2
"2100",-1.05180791730829,-0.188804471191394,1.24061238849968,9.785,-51.051,11.819,7,"object",3
"2105",-0.282747955455108,-0.59800530439767,0.880753259852778,-31.771,-47.529,10.772,7,"object",3
"2112",-1.18806343942231,-0.0731740095063347,1.26123744892864,13.546,-46.762,12.441,7,"object",3
"2117",-0.845187581929585,-0.754672074944183,1.59985965687377,-31.786,-43.303,11.257,7,"object",3
"2132",-0.277160615400371,-0.943488269438529,1.2206488848389,43.712,-33.575,15.007,7,"object",3
"2133",1.39804926867214,-0.233500641848124,-1.16454862682402,-50.713,-30.947,12.015,7,"face",1
"2134",1.626672812365,-1.0965479745057,-0.530124837859296,-46.937,-30.883,12.154,7,"face",1
"21361",-0.506075160361478,-1.13112845330496,1.63720361366644,43.697,-29.349,15.492,7,"object",3
"2139",2.13738549542113,-0.605082761409565,-1.53230273401156,-46.952,-26.657,12.638,7,"face",1
"2159",-0.180118652374741,-0.898076496029711,1.07819514840445,51.159,-3.8698,18.676,7,"object",3
"2203",-1.71744399057396,1.32111097938224,0.396333011191722,-58.584,57.658,21.908,7,"place",2
"22051",-1.55884900925814,0.439386135205619,1.11946287405253,-51.031,57.786,22.186,7,"object",3
"2213",1.03815626313551,0.129696012930231,-1.16785227606574,-9.5057,62.714,24.2,7,"face",1
"2214",0.925126973139775,0.200454479452118,-1.12558145259189,-5.7293,62.777,24.339,7,"face",1
"2225",1.04055505496353,0.0496394993980114,-1.09019455436154,-5.7444,67.004,24.823,7,"face",1
"22261",0.915041399890703,0.0487084663984808,-0.963749866289184,-1.968,67.067,24.962,7,"face",1
"22301",-0.79159253707712,2.33078350258412,-1.539190965507,32.02,67.642,26.214,7,"place",2
"2231",-1.52824426486231,2.10513775640241,-0.576893491540098,35.796,67.706,26.353,7,"place",2
"22421",0.730023605849979,-0.0175242337261111,-0.712499372123867,-5.7595,71.229,25.308,7,"face",1
"2243",1.19132543062994,-0.338626359679996,-0.852699070949943,1.7933,71.356,25.586,7,"face",1
"2255",0.960455270402779,2.01580904818626,-2.97626431858904,-24.657,75.135,25.097,7,"place",2
"2298",-0.446461488132757,-0.472171845902957,0.918633334035714,32.388,-51.477,16.426,7,"object",3
"22991",-0.843511508690935,-0.455356873530258,1.29886838222119,-39.379,-48.466,14.268,7,"object",3
"23041",1.13219939829981,-0.483499492176827,-0.648699906122981,2.1619,-47.764,15.797,7,"face",1
"23301",1.00852497002955,-0.652530705703264,-0.355994264326285,-50.783,-27.531,16.272,7,"face",1
"23342",0.18910805627915,-0.65186301251021,0.462754956231061,47.403,-25.87,19.888,7,"object",3
"23351",1.17109555166728,-0.493085941409272,-0.678009610258006,-54.575,-23.37,16.618,7,"face",1
"2337",0.837729018879318,0.0935051379909721,-0.93123415687029,-47.022,-23.241,16.895,7,"face",1
"2369",-0.214134996965709,-2.4085580353497,2.62269303231541,47.236,20.608,25.216,7,"object",3
"23711",-0.633740636181379,-1.66782095632622,2.30156159250759,47.221,24.834,25.7,7,"object",3
"2395",-1.02463242750455,-0.106293801406493,1.13092622891105,-51.056,48.525,24.99,7,"object",3
"24011",-0.787692026070104,0.0908667088707268,0.696825317199378,-51.071,52.75,25.474,7,"object",3
"2402",-0.961231616363807,0.098644157012954,0.862587459350853,-47.295,52.815,25.613,7,"object",3
"2405",0.115532375453984,-2.87787002060212,2.76233764514813,54.668,54.539,29.369,7,"object",3
"2410",-0.93710344304798,-1.13726834542012,2.0743717884681,54.653,58.764,29.853,7,"object",3
"242",2.0712892390341,-1.4049944076444,-0.666294831389696,-46.43,-10.108,-24.123,7,"face",1
"2421",-1.94368021106677,-0.882049190369837,2.82572940143661,-39.787,65.619,27.345,7,"object",3
"24241",1.4566081926087,0.912980710151094,-2.3695889027598,-9.576,66.129,28.457,7,"face",1
"24351",-1.4429132825382,-1.88069797700238,3.32361125954058,-39.802,69.844,27.829,7,"object",3
"24371",-0.291346522319933,1.92173122460217,-1.63038470228224,-28.473,70.036,28.246,7,"place",2
"2449",-0.297137179354775,1.51397085499845,-1.21683367564368,-28.488,74.261,28.731,7,"place",2
"2456",-0.109528757477706,1.32493824236409,-1.21540948488638,-28.503,78.486,29.215,7,"place",2
"24571",0.69143266535133,0.661268189263493,-1.35270085461482,-24.727,78.55,29.354,7,"place",2
"24611",0.520137357467258,1.73174763877126,-2.25188499623852,-24.742,82.775,29.838,7,"place",2
"2469",0.282979519712084,0.1857953665389,-0.468774886250983,2.1369,-57.024,18.602,7,"place",2
"24791",0.595302836676695,-0.0783186894167077,-0.516984147259987,2.1218,-52.799,19.086,7,"face",1
"24861",0.832516680447953,0.00844445870480242,-0.840961139152756,-5.4461,-48.701,19.292,7,"face",1
"24981",1.03043484427272,0.814249067914184,-1.8446839121869,5.8679,-44.285,20.194,7,"place",2
"25461",1.10940677970891,-0.565069785708848,-0.544336994000061,-47.123,-11.376,22.122,7,"face",1
"25811",0.48647327444241,-2.35283201134497,1.86635873690256,-62.395,34.848,26.893,7,"object",3
"26",1.2472800486193,-2.15310555052945,0.905825501910153,-27.398,-3.1336,-34.263,7,"object",3
"26211",-1.10406304580434,0.0124211001974891,1.09164194560685,-47.365,56.23,29.871,7,"object",3
"26571",0.0529649496027071,1.33537215622854,-1.38833710583124,-28.528,69.225,32.019,7,"place",2
"26892",1.69394613554991,-0.487156454663199,-1.20678968088671,-5.4862,-53.736,22.581,7,"face",1
"2697",1.75840267262486,-0.189185684729365,-1.56921698789549,-5.5013,-49.511,23.066,7,"face",1
"27",-0.364661899004361,-1.67478501975095,2.03944691875531,-23.622,-3.0694,-34.123,7,"object",3
"2706",1.12897317361385,0.786911506817647,-1.91588468043149,-9.2928,-45.35,23.411,7,"place",2
"27071",1.0620749190995,0.111164990438516,-1.17323990953802,-5.5164,-45.286,23.55,7,"face",1
"27551",-0.0995735927730062,1.33901643219477,-1.23944283942177,43.486,-19.103,28.263,7,"place",2
"27741",0.528240520385281,-1.36107884787962,0.832838327494339,47.202,-2.1377,30.34,7,"object",3
"2853",-0.855520618018199,0.376765197070741,0.478755420947459,-5.8645,51.897,34.689,7,"object",3
"28611",-0.273994963404311,0.993581430420732,-0.719586467016422,-36.091,55.612,34.061,7,"place",2
"28621",-1.08572913450462,0.561581480048097,0.524147654456524,-5.8797,56.122,35.174,7,"object",3
"2866",-0.540731656016352,-1.44272162170109,1.98345327771744,39.437,56.89,36.843,7,"object",3
"28802",-1.21338665419323,2.66289914408497,-1.44951248989174,43.198,61.178,37.466,7,"place",2
"28851",1.37560600831534,-2.9235658094344,1.54795980111906,-21.016,64.318,35.586,7,"object",3
"2901",0.139668355222532,1.15733459443579,-1.29700294965832,-24.822,72.705,36.416,7,"place",2
"2912",0.978017547091954,-0.633255166722166,-0.344762380369788,-5.5413,-54.546,26.354,7,"face",1
"292",0.495823187498756,1.29360841480707,-1.78943160230583,-61.687,31.89,-19.836,7,"place",2
"2921",0.909062721155997,-0.1954189334188,-0.713643787737198,-5.5565,-50.321,26.838,7,"face",1
"29801",-0.492601324758459,1.10929159875522,-0.61669027399676,39.654,-19.977,31.898,7,"place",2
"32",0.673046222868014,-1.20086382255906,0.527817599691046,-38.687,1.71,-37.968,7,"object",3
"30061",1.29650479968685,-0.950067384607659,-0.346437415079189,-39.741,4.0336,31.883,7,"face",1
"301",0.547971532165017,1.12800799459026,-1.67597952675527,-61.702,36.115,-19.351,7,"place",2
"3054",-0.857867592811891,1.68311352547302,-0.825245932661125,-54.983,41.807,35.685,7,"place",2
"306",-0.715486832985755,0.148230539243202,0.567256293742552,32.708,37.713,-15.874,7,"object",3
"3084",-1.87130755254963,1.58931252420098,0.281995028348647,-2.1433,51.151,38.601,7,"place",2
"3096",-1.01482994153067,0.226669717815371,0.788160223715295,-47.475,54.61,37.417,7,"object",3
"31",-0.618635452144102,-0.891898601821146,1.51053405396525,36.801,-2.048,-31.898,7,"object",3
"31041",-1.40823874888267,0.679456912636437,0.728781836246229,43.158,56.144,40.755,7,"object",3
"31121",-0.429775175835077,-0.749802666021111,1.17957784185619,39.367,60.305,41.1,7,"object",3
"3123",0.849450955176726,1.0638380170927,-1.91328897226943,-36.191,67.478,39.287,7,"place",2
"3125",1.54851873729332,0.0931529106879672,-1.64167164798128,-28.639,67.606,39.565,7,"face",1
"3139",1.7409044705496,0.703915852731833,-2.44482032328143,-5.6117,-51.13,30.611,7,"face",1
"3146",0.93714979675703,0.352949622004601,-1.29009941876163,-5.6268,-46.905,31.095,7,"place",2
"3157",-0.152944157720928,1.56302332216311,-1.41007916444218,-20.763,-38.71,31.508,7,"place",2
"3166",-0.854023503092266,0.0956786667950693,0.758344836297197,-32.107,-34.676,31.575,7,"object",3
"3176",1.17011895565303,-0.172037040967483,-0.998081914685543,-20.793,-30.26,32.477,7,"face",1
"31921",-0.636526781279739,-0.406915878679102,1.04344265995884,-35.929,-22.064,32.889,7,"object",3
"3196",-0.918239267061126,0.247134779856772,0.671104487204353,28.27,-20.979,35.254,7,"object",3
"32031",-1.13440664170071,-0.472557691062012,1.60696433276272,-24.615,-17.647,33.791,7,"object",3
"3213",-0.372551503609663,-0.741910568117744,1.11446207172741,-43.527,-9.5161,34.064,7,"object",3
"330",-1.12792619736155,-0.0299818917973906,1.15790808915894,28.901,46.1,-15.045,7,"object",3
"3306",-0.694484732120379,-1.34997850661663,2.04446323873701,46.91,46.947,43.697,7,"object",3
"33411",-1.03630484684417,-1.37138890363471,2.40769375047888,9.0853,63.209,44.245,7,"object",3
"33461",0.560703158550257,0.52371561380836,-1.08441877235862,-9.8118,67.115,44.034,7,"place",2
"335",1.64977369170657,-1.36016259534442,-0.289611096362149,-50.419,48.983,-17.482,7,"face",1
"336",1.61732588071378,-0.891635885880884,-0.725689994832901,-39.089,49.175,-17.064,7,"face",1
"33641",1.25551918440157,-0.36563069476744,-0.889888489634126,13.17,-38.945,36.533,7,"face",1
"3373",-0.69190433903364,0.203403082835428,0.488501256198213,-35.954,-31.325,35.693,7,"object",3
"33742",-0.794162918610504,-0.0523085090906877,0.846471427701192,-32.177,-31.261,35.833,7,"object",3
"3376",1.27736535747163,-0.293282124303487,-0.984083233168138,-20.848,-31.069,36.249,7,"face",1
"338",-1.09397975702863,0.462405072348596,0.631574684680035,28.886,50.325,-14.56,7,"object",3
"3383",-0.757198261485266,-0.0573650176305709,0.814563279115837,-35.969,-27.1,36.178,7,"object",3
"3386",1.39350654939953,-0.277601762722331,-1.1159047866772,-20.863,-26.844,36.734,7,"face",1
"34",-0.357283711771231,-1.58151532589298,1.93879903766422,-23.637,1.1558,-33.639,7,"object",3
"34021",-0.705798685029718,-0.147491256759459,0.853289941789178,28.215,-21.788,39.026,7,"object",3
"34061",-0.598969583721973,-0.56501943189931,1.16398901562128,-24.67,-18.457,37.563,7,"object",3
"34072",-0.451180338015861,-0.729187651773504,1.18036798978936,16.87,-17.755,39.094,7,"object",3
"34121",-1.26921542512074,0.914599785985038,0.354615639135699,-39.791,-14.487,37.492,7,"place",2
"34131",-1.08937265707367,0.934394587655338,0.154978069418332,-36.014,-14.424,37.631,7,"place",2
"3414",-0.939842720808175,-0.806409580944378,1.74625230175255,-24.685,-14.232,38.047,7,"object",3
"34212",-1.43218220966121,0.396504479477862,1.03567773018335,-39.806,-10.262,37.976,7,"object",3
"34281",-0.883996548074037,-0.0100543735432686,0.894050921617306,-36.045,-5.9728,38.599,7,"object",3
"343",-1.04507606382633,-1.87765025240231,2.92272631622865,-57.987,53.08,-17.275,7,"object",3
"3432",-0.927572119669299,0.407702450204061,0.519869669465238,-39.836,-1.8112,38.945,7,"object",3
"345",2.47342178560742,-1.62235941868394,-0.851062366923477,-50.434,53.208,-16.997,7,"face",1
"346",1.23219976247078,-1.05033528874985,-0.181864473720935,-46.657,53.272,-16.858,7,"face",1
"347",1.584925973626,-0.255839803886828,-1.32908616973917,36.423,54.678,-13.798,7,"face",1
"3483",1.72128342492404,-0.531424328206662,-1.18985909671737,40.2,54.742,-13.659,7,"face",1
"352",1.54908595294477,-1.02761360135437,-0.521472351590397,-50.449,57.434,-16.513,7,"face",1
"3531",2.88618175271953,-1.39039012533946,-1.49579162738,-46.672,57.498,-16.374,7,"face",1
"354",1.26887146895139,-0.164159910269394,-1.10471155868199,-39.12,57.625,-16.095,7,"face",1
"3543",1.16763115630274,1.4695043880718,-2.63713554437454,-32.48,53.247,45.519,7,"place",2
"3551",0.533911642291583,2.02523310573008,-2.55914474802167,-32.495,57.472,46.003,7,"place",2
"3552",0.187537121660116,1.69504611541753,-1.88258323707764,-28.719,57.535,46.142,7,"place",2
"356",-1.08219382542285,1.47181218281192,-0.389618357389065,-31.567,57.754,-15.818,7,"place",2
"3566",0.31135712389557,0.456691336173414,-0.768048460068984,-9.5287,-44.364,38.986,7,"place",2
"357",-1.27411304466872,1.84376116313579,-0.569648118467065,-24.014,57.881,-15.539,7,"place",2
"3574",-0.403744211414005,-0.597513598231396,1.0012578096454,1.7702,-35.722,40.373,7,"object",3
"358",1.78512001034668,-0.730727799287183,-1.05439221105949,32.632,58.839,-13.453,7,"face",1
"3584",-0.359406730796695,-1.08223157699065,1.44163830778734,-5.8128,-27.398,41.063,7,"object",3
"360",2.34817531232269,-1.20290713498633,-1.14526817733636,-46.688,61.723,-15.889,7,"face",1
"3606",-0.684957774307174,-0.660670927049596,1.34562870135677,-32.293,-15.169,41.543,7,"object",3
"36071",-1.14934309743853,-0.639121883231559,1.78846498067009,-24.74,-15.042,41.821,7,"object",3
"361",2.88422986666742,-1.06180947172863,-1.8224203949388,-42.911,61.787,-15.75,7,"face",1
"3613",-0.839748887842462,0.740187600965066,0.099561286877396,-39.861,-11.072,41.748,7,"place",2
"36141",-1.3772344353478,-0.718739555960997,2.0959739913088,-32.308,-10.944,42.027,7,"object",3
"3615",-1.12205541306813,-0.298496429444129,1.42055184251226,-28.532,-10.88,42.166,7,"object",3
"36211",-0.564209504002798,-0.0243790633748203,0.588588567377619,-39.876,-6.8464,42.233,7,"object",3
"363",-1.16797703783949,1.00729925600311,0.160677781836379,-31.582,61.979,-15.333,7,"place",2
"36351",0.770045573982883,0.0361352915459906,-0.806180865528873,-13.456,-2.1743,43.691,7,"face",1
"364",-1.0428802141441,1.34611667383093,-0.303236459686836,-27.806,62.042,-15.194,7,"place",2
"365",-1.31850940403396,1.49930863187742,-0.180799227843463,-24.029,62.106,-15.055,7,"place",2
"3659",-0.133069188610938,1.3697321453968,-1.23666295678586,35.606,7.1076,46.468,7,"place",2
"36601",0.486143925479932,1.02636689338514,-1.51251081886507,39.383,7.1709,46.607,7,"place",2
"368",-1.10185423520963,1.27962459995924,-0.177770364749609,-27.821,66.268,-14.71,7,"place",2
"37",-0.571414285676599,-0.934681841093023,1.50609612676962,36.786,2.1777,-31.413,7,"object",3
"370",0.777539022243171,-0.304208002187854,-0.473331020055317,-39.165,70.302,-14.642,7,"face",1
"37032",2.60929037272203,-1.2866568077147,-1.32263356500733,-36.221,27.02,46.247,7,"face",1
"371",-1.05803199598237,0.928089856566848,0.129942139415519,-31.612,70.429,-14.365,7,"place",2
"372",1.31737387502876,-0.719278778867981,-0.59809509616078,-42.957,74.463,-14.297,7,"face",1
"3725",-0.230526436931334,-2.08058639415082,2.31111283108216,12.842,36.301,49.024,7,"object",3
"3731",1.1860227753183,-0.661118517335016,-0.524904257983286,-39.18,74.527,-14.158,7,"face",1
"3735",-0.124508491492831,-2.71043627894812,2.83494477044095,5.2742,40.399,49.23,7,"object",3
"374",1.03001473920879,-0.722070637872462,-0.307944101336327,-35.419,78.816,-13.535,7,"face",1
"37661",-0.572323966958573,-0.789056915659572,1.36138088261815,-5.8377,-36.659,43.868,7,"object",3
"3769",-0.244437848875286,-1.24629029917312,1.49072814804841,-5.8529,-32.434,44.352,7,"object",3
"3787",-0.743298900209788,-0.249971070716646,0.993269970926434,-5.8983,-19.757,45.804,7,"object",3
"37881",-0.262926144745695,-0.745498728472168,1.00842487321786,1.6545,-19.63,46.083,7,"object",3
"3791",-0.544172705672578,-0.301932749751761,0.846105455424339,-28.572,-15.915,45.454,7,"object",3
"3794",-0.832014525978983,0.0405553894434701,0.791459136535512,20.521,-15.085,47.262,7,"object",3
"3795",-0.604668039572239,-0.826723317569535,1.43139135714177,-28.587,-11.69,45.939,7,"object",3
"3803",-0.535381805890134,-1.07808583061211,1.61346763650224,-28.602,-7.4646,46.423,7,"object",3
"38041",0.788161758532944,1.02528644421586,-1.8134482027488,-13.496,-7.2093,46.98,7,"place",2
"3812",-1.30300937251382,0.925821191126247,0.377188181387571,28.044,-6.5067,48.51,7,"place",2
"3813",-1.00234679642069,0.24155772766901,0.760789068751683,31.82,-6.4425,48.649,7,"object",3
"3814",0.953995931194246,0.604476366490545,-1.55847229768479,-36.17,-3.3675,46.63,7,"place",2
"38181",0.593141268147109,0.640682146555218,-1.23382341470233,-13.512,-2.9838,47.464,7,"place",2
"3983",-1.14948197019128,0.290806815395442,0.85867515479584,27.974,-3.0907,52.767,7,"object",3
"4004",1.46727754695582,0.225365594436707,-1.69264314139253,24.152,9.5215,54.081,7,"face",1
"42",-0.062078806920784,-1.16620331894985,1.22828212587063,-27.428,5.3172,-33.294,7,"object",3
"43",-0.259219347687439,-1.44299432224227,1.70221366992971,-23.652,5.3811,-33.155,7,"object",3
"466",1.78861842269904,-1.38639398331368,-0.402224439385359,40.145,53.932,-9.886,7,"face",1
"4671",1.85120031000592,-1.40850721214923,-0.44269309785669,43.921,53.996,-9.7467,7,"face",1
"470",1.63770088520651,-0.790978208846691,-0.846722676359815,-46.728,56.688,-12.601,7,"face",1
"4721",-1.53228917332455,0.845334124441932,0.686955048882619,-31.622,56.943,-12.044,7,"object",3
"4731",-1.26008165737068,1.39779722059055,-0.137715563219866,21.248,57.837,-10.097,7,"place",2
"474",-1.73772424135267,0.714870613087433,1.02285362826524,25.024,57.902,-9.9585,7,"object",3
"4751",1.98848141532117,-1.48315896428681,-0.505322451034368,36.353,58.093,-9.5408,7,"face",1
"4762",2.52307238719512,-1.93701367420498,-0.58605871299014,40.13,58.157,-9.4017,7,"face",1
"478",1.48270446461927,-0.61601938865375,-0.866685075965517,-50.519,60.849,-12.255,7,"face",1
"479",1.44640408699806,-0.556208499003069,-0.890195587994993,-46.743,60.914,-12.117,7,"face",1
"480",-1.24836040167385,0.367229380771442,0.881131020902413,-35.414,61.105,-11.699,7,"object",3
"481",-1.51947331103496,0.913764710747742,0.605708600287223,-31.637,61.169,-11.56,7,"object",3
"4831",-0.687024952853454,1.9556568887924,-1.26863193593894,17.456,61.999,-9.7517,7,"place",2
"484",-1.34413180231069,0.639456108341071,0.70467569396962,25.009,62.127,-9.4742,7,"object",3
"487",2.48714752892868,-1.78112025052072,-0.706027278407956,36.338,62.319,-9.0565,7,"face",1
"490",1.30507931389733,-0.934128489514404,-0.370950824382925,-46.758,65.139,-11.632,7,"face",1
"491",2.47290749666573,0.121337075116216,-2.59424457178195,-42.982,65.203,-11.493,7,"face",1
"493",-1.01111026951412,1.18733983299926,-0.17622956348514,-27.876,65.458,-10.936,7,"place",2
"496",-0.624408523827499,1.36094796075922,-0.736539436931717,17.441,66.224,-9.2674,7,"place",2
"497",-0.85185157077027,0.730302169300895,0.121549401469375,21.217,66.288,-9.128,7,"place",2
"498",-1.10509511276641,0.634452843108796,0.47064226965761,28.77,66.416,-8.8505,7,"object",3
"500",1.97482833315353,-0.90867156125318,-1.06615677190035,36.323,66.544,-8.5722,7,"face",1
"5011",2.54817625190302,-0.00733375806784185,-2.54084249383518,-42.997,69.428,-11.009,7,"face",1
"502",2.44683666442829,0.0915783282356648,-2.53841499266395,-39.22,69.491,-10.87,7,"face",1
"503",-1.70683209452699,0.767215887091887,0.939616207435098,-31.667,69.62,-10.591,7,"object",3
"504",-1.36811791712701,1.13357834813441,0.234539568992597,-24.115,69.748,-10.313,7,"place",2
"5061",-1.04340451390614,1.51369932864448,-0.470294814738333,-16.562,69.875,-10.035,7,"place",2
"5091",-0.344676373704461,1.20067005016844,-0.855993676463979,13.649,70.386,-8.9221,7,"place",2
"511",-0.863349034929835,0.640502652612433,0.222846382317403,21.202,70.514,-8.6446,7,"place",2
"5123",-1.44806602047875,0.386381945512879,1.06168407496587,28.755,70.641,-8.3663,7,"object",3
"5172",3.48819192741873,-1.53668271854145,-1.95150920887728,-43.012,73.653,-10.524,7,"face",1
"518",1.47965163663172,-0.218345675045229,-1.26130596158649,-35.459,73.781,-10.246,7,"face",1
"519",-1.15962002888582,0.728093729170341,0.431526299715483,-24.13,73.973,-9.8291,7,"place",2
"528",2.14308941549738,-0.546186401936613,-1.59690301356077,-39.251,77.943,-9.9007,7,"face",1
"5291",1.96199531391852,-0.599774270577545,-1.36222104334097,-35.474,78.006,-9.7616,7,"face",1
"53",0.137223743871718,-1.27163808401819,1.13441434014647,-27.443,9.5426,-32.809,7,"object",3
"530",-1.72144168397466,1.21516862270009,0.50627306127457,-27.921,78.135,-9.4838,7,"place",2
"531",-1.10640769478006,0.482479358040469,0.623928336739593,-24.145,78.198,-9.3448,7,"object",3
"538",0.870676884687118,0.546318504411379,-1.4169953890985,36.277,79.22,-7.1189,7,"place",2
"545",1.59196207656638,-0.422977544427029,-1.16898453213935,-31.728,86.52,-8.6537,7,"face",1
"5491",0.984944869992984,-0.137346804470909,-0.847598065522075,-38.942,-24.276,-17.752,7,"face",1
"554",0.822246566177316,-0.372578066470383,-0.449668499706932,-42.734,-20.115,-17.407,7,"face",1
"571",-0.510448369043044,1.77851943079536,-1.26807106175232,47.854,-5.9053,-12.616,7,"place",2
"5871",0.871480617934962,0.149056742584504,-1.02053736051947,-50.393,9.3354,-14.295,7,"face",1
"59",-0.488809681983415,-2.06075569119388,2.54956537317729,48.085,10.82,-30.028,7,"object",3
"62",0.765529466035033,-1.50549334083232,0.739963874797289,-38.788,13.576,-32.742,7,"object",3
"624",-0.314396276983621,-2.25630355906433,2.57069983604795,43.881,48.961,-6.4585,7,"object",3
"631",-0.619415488078446,-1.73783643783752,2.35725192591596,47.642,53.25,-5.8349,7,"object",3
"6351",-0.791730010704279,1.4557954393663,-0.66406542866202,-27.901,56.197,-8.1323,7,"place",2
"638",-1.00359305080085,1.53146513489753,-0.527872084096679,13.64,56.901,-6.6025,7,"place",2
"6492",0.920526941185735,-2.73708774234844,1.81656080116271,-43.022,60.167,-8.2038,7,"object",3
"653",-0.698432803077088,1.11824684736627,-0.419814044289186,13.624,61.126,-6.1182,7,"place",2
"654",-0.583270915898383,0.651393414784765,-0.0681224988863818,21.177,61.253,-5.8399,7,"place",2
"6551",-0.903643449609857,0.500290380657556,0.403353068952301,24.954,61.318,-5.7005,7,"object",3
"6661",-0.960965457455356,1.5146535808325,-0.553688123377147,17.386,65.415,-5.4946,7,"place",2
"667",-0.724322509164149,0.695639283266613,0.0286832258975353,21.162,65.478,-5.3556,7,"place",2
"668",-1.23726881864693,0.434860659092952,0.802408159553975,24.938,65.543,-5.2162,7,"object",3
"669",-1.93097439631147,-0.0450465737866759,1.97602097009815,28.715,65.606,-5.0772,7,"object",3
"677",-0.462141732243907,0.960694750598069,-0.498553018354162,9.8178,69.513,-5.2887,7,"place",2
"678",-0.290813582352977,0.904963511260955,-0.614149928907979,13.594,69.576,-5.1497,7,"place",2
"679",-0.787843781129599,1.53885826210045,-0.751014480970853,17.371,69.64,-5.0103,7,"place",2
"680",-1.28337764644875,0.23846290274435,1.0449147437044,24.923,69.768,-4.7319,7,"object",3
"6812",-1.31302639261226,0.266409200297486,1.04661719231478,28.7,69.832,-4.5925,7,"object",3
"685",2.77725115715159,-0.788633157488902,-1.98861799966268,-39.291,72.907,-6.6125,7,"face",1
"6881",-0.846588642297128,1.97928631259584,-1.13269767029871,6.0262,73.674,-4.9428,7,"place",2
"691",-0.545495132153752,1.70193154991023,-1.15643641775648,17.355,73.865,-4.526,7,"place",2
"6921",-1.47566658874802,1.49091133423424,-0.0152447454862198,21.132,73.93,-4.3866,7,"place",2
"693",-1.53285259623051,0.444785467952142,1.08806712827837,24.908,73.993,-4.2476,7,"object",3
"7031",-1.50889221725523,1.69692608397364,-0.188033866718408,21.117,78.155,-3.9023,7,"place",2
"7061",1.66539884426478,-0.622926701822188,-1.04247214244259,-31.768,81.486,-5.3652,7,"face",1
"736",-0.699148310196005,0.897624394703321,-0.198476084507316,44.083,-23.681,-10.919,7,"place",2
"747",0.383925204005352,0.483487383561194,-0.867412587566545,-50.357,-16.826,-13.427,7,"place",2
"760",0.387019107307321,0.219135394844511,-0.606154502151832,-42.835,-8.2485,-12.181,7,"place",2
"788",0.000134402542094443,-1.79996272726894,1.79982832472684,-61.792,12.559,-10.454,7,"object",3
"791",0.241575326009458,-1.31195804878227,1.07038272277281,-61.807,16.784,-9.9703,7,"object",3
"816",-0.418778856571808,-0.363554054952298,0.782332911524107,58.977,35.73,-3.5822,7,"object",3
"8171",-0.620250362183745,-0.676707581508814,1.29695794369256,51.409,39.828,-3.3763,7,"object",3
"8191",-0.415035004406664,-0.545361690055756,0.96039669446242,58.962,39.955,-3.0979,7,"object",3
"821",-0.401516634425909,-1.12939014471307,1.53090677913898,51.394,44.053,-2.892,7,"object",3
"822",-0.312059926229033,-1.23138002427612,1.54343995050515,55.17,44.117,-2.7527,7,"object",3
"8242",-1.09133267941128,-0.374865274667556,1.46619795407883,-65.69,46.298,-6.7189,7,"object",3
"8251",-0.643209339480817,-0.969989864604654,1.61319920408547,-61.913,46.362,-6.5795,7,"object",3
"827",-0.548942967844083,-2.12834635641998,2.67728932426406,-58.152,50.652,-5.9558,7,"object",3
"833",-0.445530357176325,-2.74165514763193,3.18718550480826,36.243,56.474,-1.9946,7,"object",3
"834",-1.65180408211148,-0.838901775560565,2.49070585767204,40.019,56.537,-1.8556,7,"object",3
"840",-0.0561879749567302,2.71602454260489,-2.65983656764816,-54.406,59.165,-4.8482,7,"place",2
"8431",-0.429547534573432,-1.1068759689256,1.53642350349903,40.004,60.762,-1.3713,7,"object",3
"8491",-1.20068782657495,0.808873292289698,0.391814534285252,24.883,64.733,-1.4438,7,"place",2
"8552",-0.730067421585078,-1.62369914810775,2.35376656969282,32.421,69.086,-0.68073,7,"object",3
"861",-0.491313843701871,-2.86391617157944,3.35523001528132,36.182,73.375,-0.057409,7,"object",3
"8621",2.46650315179837,-1.18833731168824,-1.27816584011013,-46.914,76.195,-2.6332,7,"face",1
"863",2.08585278301265,-1.41617344418874,-0.669679338823913,-43.137,76.259,-2.4939,7,"face",1
"877",3.28907739854093,-0.629499032982059,-2.65957836555887,-43.152,80.484,-2.0096,7,"face",1
"878",2.7314105113019,-0.510244877051099,-2.2211656342508,-39.376,80.548,-1.8702,7,"face",1
"9002",-0.234595537130814,1.87377087002806,-1.63917533289725,5.9256,85.54,0.28288,7,"place",2
"941",0.1999745532486,0.96849656021664,-1.16847111346524,-39.098,-13.22,-8.7529,7,"place",2
"96",-0.190873370106429,-1.37365780015883,1.56453117026526,32.969,-2.9213,-28.264,7,"object",3
"9651",1.08064186915185,-0.465337227035276,-0.615304642116574,-54.295,11.877,-6.4031,7,"face",1
