...1,x,y,z,face,place,object,cluster,category
V78,-15.449,-12.903,-32.775,0.00124839329983427,-2.7023288059741e-4,-9.7816041923685e-4,1,face
V82,-46.522,-10.19,-33.231,-2.8583261829434e-4,-6.7470688490275e-4,9.6053950319709e-4,2,object
V131,-25.409,-24.693,-28.62,-7.42469277856367e-5,-3.355896283819e-4,4.0983655616753e-4,2,object
V168,44.35,0.53167,-28.234,0.00129214847948045,-5.7875296020296e-4,-7.1339551927748e-4,1,face
V314,-47.869,31.447,-26.011,9.3775448031664e-4,-4.9479168786339e-4,-4.4296279245325e-4,1,face
V325,31.948,38.032,-25.115,5.6864958398188e-4,-2.3726482052511e-4,-3.3138476345676e-4,1,face
V333,31.466,41.814,-25.198,-2.536325243683e-4,-8.6617349026128e-4,0.00111980601462959,2,object
V341,30.984,45.595,-25.282,-1.184583495704e-4,-0.00114921570611406,0.00126767405568446,2,object
V419,54.025,15.967,-20.338,-8.82812792727633e-5,-9.1309076238698e-4,0.00100137204165975,2,object
V425,53.543,19.749,-20.421,-7.3978284442224e-4,4.0913303649931e-4,3.3064980792293e-4,3,place
V441,-40.638,35.45,-21.957,-2.6209444016023e-4,-7.2089553214628e-4,9.8298997230652e-4,2,object
V447,-44.944,39.098,-22.086,0.00118434411742189,-7.227782023788e-4,-4.6156591504307e-4,1,face
V448,-37.296,39.365,-21.993,2.6809840456866e-4,4.5985489697443e-4,-7.2795330154309e-4,1,face
V452,31.532,41.769,-21.154,2.3696812810877e-4,-6.2793437359123e-4,3.9096624548246e-4,2,object
V457,-41.602,43.013,-22.123,7.5411799420546e-4,-0.00242247582647788,0.00166835783227241,2,object
V460,31.05,45.55,-21.237,0.00160506311428334,-6.6741142469614e-4,-9.3765168958719e-4,1,face
V464,50.168,46.218,-21.004,-3.6904993261651e-4,7.0071792021984e-4,-3.3166798760333e-4,3,place
V468,-42.084,46.794,-22.206,8.3487767851643e-4,-2.169556859589e-4,-6.1792199255753e-4,1,face
V469,-38.26,46.928,-22.16,5.6321500022806e-4,-8.5581767408746e-4,2.9260267385939e-4,2,object
V471,26.744,49.198,-21.367,-2.2515615691641e-4,-4.747157777583e-4,6.9987193467471e-4,2,object
V472,34.391,49.465,-21.274,-0.00106501682957664,-2.7344824154618e-4,0.00133846507112283,2,object
V482,18.614,52.712,-21.543,-6.42746045982e-4,0.00115556583841451,-5.1281979243249e-4,3,place
V517,32.945,60.809,-21.523,-2.8093475199714e-4,-0.00168085317552065,0.00196178792751779,2,object
V534,28.639,64.456,-21.653,-0.00117090671570514,-5.2727833573428e-4,0.00169818505143942,2,object
V628,25.429,-0.27106,-16.333,-0.00121964338801327,-3.6406548257402e-4,0.0015837088705873,2,object
V635,2.0045,2.7091,-16.696,9.37675732174732e-5,-7.7336971200313e-4,6.7960213878566e-4,2,object
V692,-44.878,39.053,-18.042,0.00145915123238127,-0.00125123003534517,-2.0792119703609e-4,2,object
V698,-45.36,42.834,-18.125,-2.4837438057165e-4,-4.6925438995973e-4,7.1762877053138e-4,2,object
V706,-45.842,46.616,-18.208,-3.73559944052099e-5,-0.00100943817737267,0.00104679417177788,2,object
V707,-42.018,46.749,-18.162,-6.0831574102797e-4,-1.8447823725567e-4,7.9279397828364e-4,2,object
V717,18.68,52.667,-17.499,-5.2709255176901e-4,0.00145708197956116,-9.2998942779214e-4,3,place
V718,33.975,53.201,-17.312,-7.8762819729992e-4,-1.9312724017031e-4,9.8075543747024e-4,2,object
V719,37.799,53.334,-17.266,-8.2622316442458e-4,1.49524533361284e-6,8.2472791909096e-4,2,object
V730,33.493,56.982,-17.396,-0.00114081638567818,5.9816754084275e-5,0.0010809996315939,2,object
V731,37.317,57.116,-17.349,6.6601014895609e-4,5.14871574048549e-5,-7.1749730636094e-4,1,face
V749,33.011,60.763,-17.479,9.2224506293793e-4,-1.6211157669993e-4,-7.6013348623799e-4,1,face
V755,-40.123,62.008,-18.448,-0.00102267669493593,0.00176175384610328,-7.3907715116735e-4,3,place
V765,21.058,64.144,-17.702,-5.756844773755e-4,0.00175080273310751,-0.001175118255732,3,place
V766,28.705,64.411,-17.609,0.00120764908419832,-7.4419306051818e-4,-4.6345602368013e-4,1,face
V767,32.529,64.545,-17.562,4.8086229484605e-4,-9.1293889891948e-4,4.3207660407342e-4,2,object
V782,16.752,67.792,-17.832,-3.3119453657103e-4,0.00156204053363642,-0.00123084599706539,3,place
V783,20.575,67.925,-17.785,-3.9893785213878e-4,8.718616259053e-4,-4.7292377376651e-4,3,place
V784,24.399,68.059,-17.739,0.00102116219905408,-4.286058232391e-4,-5.9255637581497e-4,1,face
V785,28.223,68.193,-17.692,0.0010532694012591,-9.03062909825614e-5,-9.6296311027654e-4,1,face
V789,-29.616,69.971,-18.475,9.32500833637932e-5,-9.5376323819343e-4,8.6051315482964e-4,2,object
V796,16.27,71.573,-17.915,-4.2609410369033e-4,-5.0563060828626e-4,9.3172471197659e-4,2,object
V797,20.093,71.707,-17.869,-5.5986529015033e-4,-0.0011806492612512,0.00174051455140153,2,object
V805,19.129,79.269,-18.035,3.76498455284e-4,-0.00135583965791062,9.7934120262661e-4,2,object
V831,14.539,-34.882,-11.726,-7.1148419540475e-4,0.0016306762239231,-9.1919202851834e-4,3,place
V903,47.473,8.0476,-12.176,6.9710820900159e-4,-1.7035632457572e-4,-5.2675188442586e-4,1,face
V904,51.297,8.1811,-12.129,2.1966861113559e-4,-0.00119284446245208,9.7317585131649e-4,2,object
V909,46.991,11.829,-12.259,1.1220606271089e-4,-8.6543057122899e-4,7.5322450851809e-4,2,object
V955,58.912,38.832,-12.655,7.0337059911914e-4,-2.94496132060693e-5,-6.7392098591307e-4,1,face
V965,-22.351,43.59,-13.801,-2.2814142974226e-4,0.00202412990472599,-0.00179598847498372,3,place
V977,-50.082,50.218,-14.294,-0.00118363360672927,8.95836150067318e-5,0.00109404999172254,2,object
V981,34.041,53.156,-13.268,5.8455308071262e-4,-2.1018027286527e-4,-3.7437280784735e-4,1,face
V982,37.865,53.289,-13.221,-4.2343879853317e-4,-5.6525674698495e-4,9.8869554551812e-4,2,object
V990,-27.621,54.801,-14.097,0.00116554992658885,-5.0655371359897e-4,-6.5899621298988e-4,1,face
V997,37.383,57.071,-13.304,-6.4754724126395e-4,-1.0996033769431e-4,7.5750757895827e-4,2,object
V1001,-51.046,57.781,-14.46,-2.3315823264785e-4,-9.8801894474645e-4,0.00122117717739432,2,object
V1002,-47.222,57.914,-14.413,-6.5656134066238e-4,-4.5615460292642e-4,0.00111271594358881,2,object
V1004,-28.104,58.582,-14.18,2.1134067217645e-4,0.00132374386018552,-0.00153508453236197,3,place
V1005,-24.28,58.716,-14.134,0.00107738350816519,7.7697006058462e-4,-0.00185435356874982,3,place
V1015,-55.352,61.429,-14.59,-6.2375585593214e-4,-3.8337785740505e-4,0.0010071337133372,2,object
V1017,-47.705,61.696,-14.497,-4.233953972466e-4,-7.1626710776228e-4,0.00113966250500889,2,object
V1018,-43.881,61.829,-14.45,6.2104420325803e-4,8.3582575846688e-4,-0.00145686996172491,3,place
V1019,-32.409,62.23,-14.31,7.5826248567529e-4,7.7385824059185e-4,-0.00153212072626716,3,place
V1020,-28.586,62.363,-14.264,0.00141386134660744,9.4601258903077e-4,-0.00235987393563821,3,place
V1021,-24.762,62.497,-14.217,-6.3188698389253e-4,-0.00170940045244715,0.00234128743633969,2,object
V1025,17.3,63.966,-13.704,5.8849353118671e-4,-3.3582399542589e-4,-2.5266953576081e-4,1,face
V1031,-44.363,65.611,-14.533,3.7618217008263e-4,4.9053352913055e-4,-8.6671569921318e-4,1,face
V1033,-32.892,66.011,-14.393,5.9489786018387e-4,-1.9170853892682e-4,-4.0318932125704e-4,1,face
V1034,-29.068,66.145,-14.347,2.9326102212465e-4,-0.0020310995565251,0.00173783853440044,2,object
V1035,-25.244,66.278,-14.3,7.359075618718e-4,-0.00112339143814396,3.8748387627215e-4,2,object
V1047,-44.845,69.392,-14.617,-3.6807231382756e-4,-7.3865848300408e-4,0.00110673079683165,2,object
V1052,16.335,71.528,-13.871,-4.2956597627726e-4,-3.5773507903025e-4,7.8730105530751e-4,2,object
V1057,-45.327,73.173,-14.7,8.96839888348e-4,-3.2772016606722e-4,-5.6911972228078e-4,1,face
V1058,-41.503,73.307,-14.653,8.2845042110782e-4,4.1148438209394e-5,-8.6959885931722e-4,1,face
V1065,12.03,75.176,-14,-6.083828376908e-4,4.0820658660732e-4,2.0017625108347e-4,3,place
V1067,23.501,75.577,-13.861,8.98898768895516e-5,0.00113600105173705,-0.0012258909286266,3,place
V1081,19.195,79.224,-13.99,-1.165966592406e-4,4.0361609522555e-4,-2.8701943598495e-4,3,place
V1153,46.608,-14.819,-7.6781,-4.3037288987948e-4,2.9194611861689e-4,1.3842677126259e-4,3,place
V1180,51.363,8.1361,-8.0843,0.00116892346309168,-6.6763967316304e-4,-5.0128378992862e-4,1,face
V1186,50.881,11.917,-8.1676,-3.2784046234754e-4,2.939661804575e-4,3.38742818900384e-5,3,place
V1191,50.399,15.699,-8.2508,8.7564583897138e-4,6.23310595733305e-5,-9.3797689854471e-4,1,face
V1198,49.917,19.48,-8.3341,-5.8074916302648e-4,-8.562932916103e-4,0.00143704245463678,2,object
V1204,45.611,23.128,-8.4639,7.3411052735947e-4,-6.0881375133724e-4,-1.2529677602222e-4,1,face
V1219,56.118,31.091,-8.4906,5.3409956624774e-4,8.3700595684848e-4,-0.00137110552309623,3,place
V1242,-15.12,47.594,-9.7461,3.9676188416829e-4,-4.5277122584698e-4,5.60093416786866e-5,1,face
V1254,18.812,52.577,-9.4097,-4.317702596857e-4,6.6870782540152e-4,-2.3693756571582e-4,3,place
V1255,49.402,53.645,-9.0367,-3.726378853069e-4,-6.4099186172675e-4,0.00101362974703366,2,object
V1267,52.744,57.56,-9.0733,0.00102138630882687,-0.00069037980131206995,-3.3100650751479e-4,1,face
V1268,-50.98,57.736,-10.416,1.8918628426867e-4,-4.7994187312175e-4,2.9075558885307e-4,1,face
V1274,44.614,61.074,-9.2498,-4.6469734789923e-4,-3.8280319820783e-4,8.4750054610706e-4,2,object
V1277,-51.462,61.517,-10.499,-6.2205596322168e-4,-7.6472352184964e-4,0.00138677948507132,2,object
V1279,-32.344,62.185,-10.266,7.2206078147434e-4,0.0010842761079412,-0.00180633688941555,3,place
V1280,-28.52,62.318,-10.219,7.6606422597194e-4,-0.00124796977060332,4.8190554463137e-4,2,object
V1286,17.365,63.921,-9.6595,-0.00113472189054748,5.2945897010507e-4,6.052629204424e-4,3,place
V1295,16.883,67.702,-9.7427,7.8259785669782e-4,-2.4035874897421e-4,-5.422391077236e-4,1,face
V1296,32.178,68.236,-9.5562,-2.6086044166247e-4,-0.00103913414869242,0.00129999459035489,2,object
V1306,-21.836,70.148,-10.292,-9.8649870465972e-4,-0.00119659033631114,0.00218308904097086,2,object
V1311,16.401,71.483,-9.826,-4.26534345320446e-5,-6.8612157490181e-4,7.2877500943385e-4,2,object
V1316,-41.437,73.262,-10.609,2.1681845691442e-4,-8.8421323310877e-4,6.6739477619434e-4,2,object
V1326,27.39,75.665,-9.7693,5.18928415116519e-5,-6.8482225447858e-4,6.3292941296693e-4,2,object
V1327,-41.919,77.043,-10.692,3.91043668271392e-5,-5.9386512688945e-4,5.5476076006231e-4,2,object
V1336,11.613,78.912,-10.039,7.348300498761e-4,-6.3434924315417e-4,-1.0048080672193e-4,1,face
V1337,19.261,79.179,-9.9458,-2.053696040446e-4,9.6169044375496e-4,-7.5632083971035e-4,3,place
V1338,26.908,79.446,-9.8526,-3.4590979505523e-4,7.9113404344992e-4,-4.4522424839468e-4,3,place
V1339,30.732,79.58,-9.806,-0.00102105107303406,3.5344341982431e-4,6.6760765320974e-4,3,place
V1340,34.556,79.713,-9.7593,4.1289632835437e-4,-0.00117778861590628,7.648922875519e-4,2,object
V1425,52.426,-29.855,-3.2539,-9.3157595584704e-4,-4.9108284504003e-4,0.00142265880088709,2,object
V1487,49.501,23.216,-4.3727,-4.2737058197813e-4,0.00139375625966642,-9.6638567768828e-4,3,place
V1552,-32.278,62.14,-6.221,-4.9274455320157e-4,0.00116073919508485,-6.6799464188327e-4,3,place
V1562,28.42,68.057,-5.5582,-1.3554112158884e-4,0.00137444274857658,-0.00123890162698773,3,place
V1563,32.244,68.191,-5.5116,-3.9108425062627e-4,6.8199881152754e-4,-2.9091456090126e-4,3,place
V1576,27.938,71.839,-5.6415,0.0011675317860768,-1.8608281897675e-4,-9.8144896710004e-4,1,face
V1590,-3.1338,74.552,-6.0978,-9.43524728289842e-5,-7.8962498761425e-4,8.8397746044323e-4,2,object
V1606,-3.6159,78.333,-6.181,-3.7294385351314e-4,-3.3996380699168e-4,7.1290766050483e-4,2,object
V1630,-31.346,84.961,-6.6739,2.4350914988092e-4,-0.00113965352521655,8.9614437533562e-4,2,object
V1631,-27.523,85.094,-6.6273,-3.9333828779214e-4,-7.544103950719e-4,0.00114774868286405,2,object
V1634,10.715,86.43,-6.161,-4.9481289248731e-4,-0.00111056597623897,0.00160537886872628,2,object
V1692,-22.537,-43.915,0.10794,5.9210142568569e-4,-1.536686844936e-4,-4.3843274119209e-4,1,face
V1718,56.316,-29.767,0.83737,-2.9655826489978e-4,-8.9754700179596e-4,0.00119410526669575,2,object
V1723,55.834,-25.986,0.75412,3.9775238338111e-4,8.3696360674959e-4,-0.00123471599013071,3,place
V1728,51.528,-22.338,0.62424,-1.544985779841e-4,0.00127206560714159,-0.00111756702915748,3,place
V1746,42.434,-11.261,0.28123,6.7550703684065e-4,-5.1406545365255e-4,-1.614415831881e-4,1,face
V1801,45.71,53.421,-0.99413,7.1866289994379e-4,-0.0013968808977211,6.782179977773e-4,2,object
V1806,-50.367,53.865,-2.2431,-6.6191827172752e-4,-7.74032212951706e-5,7.3932149302269e-4,2,object
V1809,-58.496,57.379,-2.4196,-3.4390147077329e-4,-5.7714673808578e-4,9.2104820885908e-4,2,object
V1810,-54.672,57.512,-2.3729,1.0694871117144e-4,-0.00133015183649073,0.00122320312531928,2,object
V1822,44.263,64.765,-1.2439,-2.7162474251703e-4,-8.9007759294089e-4,0.00116170233545792,2,object
V1842,39.476,72.194,-1.457,4.2086748050202e-4,-9.4899699002886e-4,5.2812950952683e-4,2,object
V1847,-37.482,73.305,-2.4728,5.3902016447933e-4,-0.00116707335114307,6.2805318666373e-4,2,object
V1858,-37.964,77.086,-2.5561,-0.00110977516636884,-4.5577117485848e-4,0.00156554634122733,2,object
V1886,6.9571,86.251,-2.163,-0.00106861234538143,-9.85455731179138e-6,0.00107846690269322,2,object
V1911,-17.201,-55.17,4.4489,3.6185975418223e-4,8.4945191434684e-4,-0.00121131166852908,3,place
V2063,-61.772,53.419,1.6616,1.6289360251273e-4,-0.00106580627769214,9.029126751794e-4,2,object
V2101,43.365,72.283,2.6342,-0.00103546629796584,-1.9263136738534e-4,0.00122809766535119,2,object
V2103,-45.064,72.993,1.4785,0.0017536847156293,-0.0010184128649608,-7.352718506685e-4,1,face
V2136,22.8,82.959,2.1513,6.026895690806e-4,0.00116346680245839,-0.00176615637153899,3,place
V2147,10.847,86.34,1.9282,0.00170442152711106,-4.3248872242119e-4,-0.00127193280468987,1,face
V2148,14.67,86.473,1.9748000000000001,0.0016366104973345,-7.2541620199245e-4,-9.1119429534204e-4,1,face
V2149,18.494,86.607,2.0214,4.4388108709075e-4,0.00112186149305686,-0.00156574258014761,3,place
V2229,56.447,-29.857,8.9266,9.7376343954144e-4,4.2682086182755e-4,-0.001400584301369,1,face
V2263,53.073,-3.3879,8.3438,7.3196692582158e-4,8.7822937746815e-4,-0.00161019630328974,3,place
V2301,55.899,34.692,7.6046,3.0487930983995e-4,4.3147388251857e-4,-7.3635319235852e-4,1,face
V2320,-60.742,45.811,5.8727,9.2377192508653e-4,-1.1277003030407e-4,-8.1100189478246e-4,1,face
V2324,-61.224,49.593,5.7895,3.4520378007165e-4,2.7547922291447e-4,-6.2068300298612e-4,1,face
V2327,49.665,53.465,7.1417,-5.3003285739525e-4,2.4476190732785e-4,2.8527095006739e-4,3,place
V2331,45.359,57.113,7.0118,-5.0975077101169e-4,5.7882674252534e-4,-6.90759715136454e-5,3,place
V2332,49.183,57.246,7.0584,-3.3068698458378e-4,9.1612183623027e-4,-5.8543485164648e-4,3,place
V2334,-58.365,57.289,5.6696,-9.5957250625127e-4,4.9531894754267e-5,9.10040611497e-4,2,object
V2335,-54.541,57.422,5.7162,-2.7453405012982e-4,3.623842672406e-4,-8.78502171107825e-5,3,place
V2336,-50.717,57.556,5.7629,9.5787577839556e-4,3.20711001393097e-5,-9.8994687853487e-4,1,face
V2338,44.877,60.894,6.9286,2.6460478257362e-4,2.1341162782342e-4,-4.7801641039704e-4,1,face
V2339,48.701,61.027,6.9752,0.00146892480730882,1.2126942867502e-4,-0.00159019423598384,1,face
V2345,9.9813,63.473,6.4257,0.00103187575599599,-1.233788275435e-4,-9.0849692845248e-4,1,face
V2349,44.395,64.675,6.8453,0.00147493442423438,-3.6198698750191e-4,-0.00111294743673246,1,face
V2358,43.913,68.456,6.7621,4.8209457679176e-4,-2.5020147947951e-4,-2.3189309731224e-4,1,face
V2368,43.431,72.238,6.6788,-8.346477337487e-4,0.00101580616546698,-1.8115843171827e-4,3,place
V2388,11.877,78.732,6.1393,-4.0783751098608e-4,-4.9269003364792e-4,9.0052754463401e-4,2,object
V2389,23.348,79.133,6.2792,0.00110106259625826,8.31042551835377e-5,-0.0011841668514418,1,face
V2401,11.395,82.513,6.056,-3.7859050523781e-4,-5.2659913900304e-4,9.0518964424086e-4,2,object
V2403,22.866,82.914,6.1959,-8.680190742666e-4,4.1571766912457e-4,4.5230140514202e-4,3,place
V2404,26.69,83.047,6.2425,-7.5098698229228e-4,-4.26161188512915e-5,7.9360310114357e-4,2,object
V2424,10.43,90.076,5.8895,4.5858381107927e-4,-7.9778914623541e-4,3.3920533515613e-4,2,object
V2457,-29.505,-48.098,12.232,6.2911614898592e-4,-0.00011404216798286001,-5.1507398100305e-4,1,face
V2458,-25.681,-47.965,12.278,0.00102469799563314,-4.4558182066886e-4,-5.7911617496428e-4,1,face
V2471,-33.811,-44.45,12.102,1.2812777193379e-4,-4.3516963000917e-4,3.0704185807538e-4,1,face
V2481,38.841,-41.913,12.988,5.796066906842e-4,-3.1113381948367e-4,-2.6847287120052e-4,1,face
V2485,-38.117,-40.803,11.972,0.00171824986236319,-7.4649780919618e-4,-9.7175205316701e-4,1,face
V2486,-34.293,-40.669,12.019,-5.0135353349308e-4,-1.36752674321402e-5,5.1502880092522e-4,2,object
V2494,-38.599,-37.021,11.889,-7.4702828120741e-4,6.162528065697e-4,1.3077547463771e-4,3,place
V2497,45.524,-34.084,12.915,-4.60457366635e-4,8.7230044620614e-4,-4.1184307957113e-4,3,place
V2505,48.866,-30.169,12.878,-2.4753615747531e-4,7.0632248635249e-4,-4.5878632887717e-4,3,place
V2506,52.689,-30.035,12.925,3.7838996371726e-4,-7.2363916973465e-4,3.4524920601739e-4,2,object
V2510,56.031,-26.121,12.888,-5.46785403654522e-5,-6.6001826284075e-4,7.146968032062e-4,2,object
V2513,44.078,-22.74,12.665,-4.024013742664e-4,-8.525905119536e-4,0.00125499188622,2,object
V2514,47.901,-22.606,12.711,-4.9366072004226e-4,0.00100017556901117,-5.065148489689e-4,3,place
V2516,55.549,-22.339,12.805,-1.1696597234297e-4,-6.5781764668945e-4,7.7478361903242e-4,2,object
V2522,43.596,-18.959,12.582,-1.3711613679521e-4,-2.640160855576e-4,4.0113222235281e-4,2,object
V2523,47.419,-18.825,12.628,8.6381651722718e-4,2.7849636908154e-4,-0.00114231288630874,1,face
V2526,54.585,-14.777,12.638,0.00101439959454601,-0.00117708153722203,1.6268194267602e-4,2,object
V2531,49.797,-7.3478,12.425,-2.3596162663522e-4,-9.3999648452679e-4,0.00117595811116203,2,object
V2546,55.516,8.0444,12.185,-1.8903668056564e-4,0.00126541536779689,-0.00107637868723125,3,place
V2568,37.811,26.417,11.583,-3.3481342193801e-4,0.00101217552133923,-6.7736209940121e-4,3,place
V2581,-63.054,34.289,10.12,-1.88761091059368e-5,8.4334206665104e-4,-8.244659575451e-4,3,place
V2621,32.99,64.229,10.75,6.8677695614678e-4,-1.907449849e-4,-4.9603197124678e-4,1,face
V2622,36.813,64.363,10.797,9.91592313268197e-6,-5.8072788776262e-4,5.7081196462994e-4,2,object
V2630,9.565,67.21,10.387,5.4912389214152e-4,7.6455377521128e-4,-0.00131367766735281,3,place
V2632,32.508,68.011,10.667,-1.2204641586752e-4,-5.6101726784853e-4,6.8306368371606e-4,2,object
V2633,36.331,68.144,10.713,2.1673316837101e-4,-0.00126517424357017,0.00104844107519916,2,object
V2645,-41.108,73.036,9.6143,1.3073309964577e-4,-7.387109678349e-4,6.0797786818913e-4,2,object
V2646,-37.284,73.17,9.661,8.2543837740869e-4,-5.7798333491076e-4,-2.4745504249792e-4,1,face
V2657,-33.943,77.085,9.6243,1.6410764222201e-4,-8.3390801431024e-4,6.6980037208822e-4,2,object
V2679,26.756,83.002,10.287,-6.977169142856e-4,-5.1544303817825e-4,0.00121315995246386,2,object
V2680,30.579,83.136,10.334,-7.0841091702117e-4,-4.209732342339e-4,0.00112938415125508,2,object
V2692,18.144,90.298,10.027,-4.4531378782071e-4,8.5713465907916e-4,-4.1182087125845e-4,3,place
V2698,-1.2267,-58.552,16.852,-2.7057794523039e-4,-9.9626387150068e-4,0.00126684181673109,2,object
V2707,17.41,-54.103,17.002,4.0573603163407e-4,0.00106256990108609,-0.00146830593272017,3,place
V2754,45.59,-34.129,16.959,0.00113860807140119,-0.00112000885567799,-1.85992157232e-5,2,object
V2755,49.414,-33.995,17.006,0.00101086895552356,-0.00053816495143282005,-4.7270400409073e-4,1,face
V2760,-43.321,-29.637,15.72,3.2323199926482e-4,-9.71695151716339e-5,-2.2606248409319e-4,1,face
V2761,-39.497,-29.504,15.767,5.1327304931904e-4,-6.5164547774097e-4,1.3837242842193e-4,1,face
V2764,56.097,-26.166,16.932,5.007892050557e-4,8.37793851456806e-5,-5.8456859020138e-4,1,face
V2861,-1.8404,66.764,14.292,6.8441618895732e-4,1.4591951002104e-4,-8.3033569897837e-4,1,face
V2869,-36.736,69.344,13.789,-1.2338138989544e-4,8.6793406284965e-4,-7.4455267295421e-4,3,place
V2873,-2.3225,70.545,14.208,-2.2760658080976e-4,6.4756216761231e-4,-4.1995558680255e-4,3,place
V2875,9.1488,70.946,14.348,4.5593187979578e-4,-4.89400390935779e-5,-4.069918407022e-4,1,face
V2882,-2.8046,74.327,14.125,6.1223151599795e-4,-1.0890472789048e-4,-5.0332678810746e-4,1,face
V2889,-41.524,76.773,13.576,-2.9172381666786e-4,3.3114932539463e-4,-3.94255087267709e-5,3,place
V2890,-33.877,77.04,13.669,-3.1980287499307e-4,4.3355117371738e-4,-1.1374829872431e-4,3,place
V2894,-3.2867,78.108,14.042,-6.869768874742e-4,7.6423673815043e-4,-7.72598506762218e-5,3,place
V2896,15.832,78.775,14.275,2.6741554995251e-4,6.3899416338969e-5,-3.3131496629148e-4,1,face
V2909,11.526,82.423,14.145,3.8413623926322e-4,-9.44086742652417e-5,-2.8972756499798e-4,1,face
V2910,15.35,82.557,14.192,-5.2185872478467e-4,0.00105913180304588,-5.372730782612e-4,3,place
V2913,30.645,83.091,14.378,-2.412134735241e-4,8.2515203527255e-4,-5.8393856174845e-4,3,place
V2920,18.692,86.472,14.155,0.00119403553308588,-6.1590555193771e-4,-5.7812998114817e-4,1,face
V2922,26.339,86.739,14.248,-5.0688857994582e-4,-4.2173390317207e-4,9.2862248311788e-4,2,object
V2923,33.987,87.006,14.342,-3.9454474628218e-4,-1.8282807167324e-4,5.7737281795543e-4,2,object
V2938,-20.762,-55.484,20.581,3.6974063326046e-4,-1.3856098745514e-4,-2.3117964580532e-4,1,face
V2952,-9.7726,-51.302,20.637,1.8347575551451e-4,-8.0090832661816e-4,6.1743257110365e-4,2,object
V2980,-30.338,-40.626,20.154,-5.8130266200513e-4,4.1327944680209e-4,1.6802321520304e-4,3,place
V2992,-34.644,-36.978,20.025,7.2418356161908e-4,-0.00106324198290374,3.3905842128465e-4,2,object
V3001,45.174,-30.393,20.92,-4.5400153995573e-4,-4.3190385066872e-4,8.8590539062446e-4,2,object
V3006,44.691,-26.611,20.837,7.73151946741467e-5,-5.6349025597563e-4,4.8617506130148e-4,2,object
V3012,44.209,-22.83,20.754,1.5487233652983e-4,-4.0670999147658e-4,2.5183765494674e-4,1,face
V3022,-40.878,-18.205,19.562,8.90465484574049e-5,-3.304829860833e-4,2.414364376259e-4,1,face
V3065,55.615,38.338,19.655,7.2033495585518e-4,2.9471135773687e-4,-0.00101504631359207,1,face
V3067,51.309,41.986,19.525,5.5576684870781e-4,-4.7660869537356e-4,-7.91581533342509e-5,1,face
V3068,55.133,42.119,19.572,6.8194524319557e-4,-6.9206348202162e-4,1.01182388260535e-5,1,face
V3094,41.251,60.625,19.016,-9.26889157597618e-6,-1.6480913042645e-4,1.7407802200242e-4,1,face
V3117,-32.847,69.432,17.88,-7.1595293976045e-4,8.0293360194143e-4,-8.69806621809805e-5,3,place
V3127,-37.153,73.08,17.75,-4.03408973696191e-6,-2.6892268295287e-4,2.7295677268983e-4,1,face
V3128,-33.329,73.213,17.797,2.166298492379e-5,-4.4786360467758e-4,4.2620061975379e-4,2,object
V3136,-41.459,76.728,17.62,-1.4944653320077e-4,0.00141367362827717,-0.0012642270950764,3,place
V3137,-33.811,76.995,17.714,-7.1809804129615e-4,0.00132225415010543,-6.0415610880928e-4,3,place
V3145,15.898,78.73,18.32,1.08178538810165e-5,8.5887846343437e-4,-8.6969631731539e-4,3,place
V3148,35.017,79.398,18.553,-0.00148520174129061,0.00246075273205983,-9.7555099076922e-4,3,place
V3150,-34.293,80.776,17.63,8.2124372785968e-4,1.9628149282736e-4,-0.00101752522068705,1,face
V3160,19.24,82.645,18.283,-2.4847262343826e-4,-9.6163314155515e-4,0.00121010576499341,2,object
V3162,-34.775,84.557,17.547,-6.72907505334684e-5,-6.8474410002135e-4,7.5203485055482e-4,2,object
V3168,14.934,86.293,18.153,1.0402792827266e-4,-5.6831227251462e-4,4.6428434424195e-4,2,object
V3169,18.758,86.427,18.2,-3.31666695707677e-5,0.00108923247111422,-0.00105606580154346,3,place
V3170,22.581,86.56,18.246,-3.5482527039718e-4,0.00140545126693709,-0.0010506259965399,3,place
V3190,1.7646,-50.946,24.822,-2.17738542970083e-5,-6.1420808958723e-4,6.3598194388423e-4,2,object
V3192,20.883,-50.279,25.055,4.4479280508359e-4,-1.3129175644695e-4,-3.1350104863664e-4,1,face
V3193,24.707,-50.145,25.102,-0.00126389223953991,-4.5082354122892e-4,0.0017147157807688401,2,object
V3202,1.2825,-47.165,24.739,-3.4937617582956e-4,-1.42749510156376e-5,3.636511268452e-4,2,object
V3203,5.1062,-47.031,24.785,-3.7477693462485e-4,-1.6376226072747e-4,5.3853919535232e-4,2,object
V3223,38.556,-38.267,25.038,2.7810736610637e-4,-8.4858594979057e-4,5.704785836842e-4,2,object
V3254,44.275,-22.875,24.799,-5.6263489258481e-4,0.00140791686064584,-8.4528196806102e-4,3,place
V3257,43.793,-19.094,24.715,3.2739372303085e-4,-3.6229719596968e-4,3.49034729388302e-5,1,face
V3258,47.617,-18.96,24.762,-5.315610721744e-4,-7.3919603899733e-4,0.00127075711117174,2,object
V3259,51.441,-18.827,24.809,-8.1333866705846e-4,3.2257355239502e-4,4.9076511466344e-4,3,place
V3260,55.264,-18.693,24.855,-6.0255387351582e-4,3.3195687445239e-4,2.7059699906343e-4,3,place
V3267,50.959,-15.045,24.725,-3.3981434921942e-4,-9.4203948526242e-4,0.00128185383448185,2,object
V3276,-45.6,-10.821,23.393,-5.4813475088444e-4,2.0069969587772e-4,3.4743505500671e-4,3,place
V3286,45.206,-0.053846,24.346,-2.8598179260048e-4,-3.5959535956357e-4,6.4557715216405e-4,2,object
V3308,-53.762,23.077,22.597,7.1384320544472e-4,7.904664412984e-4,-0.00150430964674313,3,place
V3312,52.821,30.597,23.82,-1.6832302272116e-4,-1.5825031754336e-4,3.2657334026452e-4,2,object
V3316,51.857,38.16,23.653,-7.765723794579e-4,-6.18091222172171e-5,8.3838150167511e-4,2,object
V3317,55.681,38.293,23.7,7.72458544443449e-7,0.00140430742271149,-0.00140507988125593,3,place
V3323,47.551,41.807,23.523,9.0144255693186e-4,-1.1874664181135e-4,-7.8269591512051e-4,1,face
V3325,50.893,45.722,23.487,7.4142088367059e-4,-6.2831448322284e-4,-1.1310640044774e-4,1,face
V3326,54.717,45.856,23.533,-9.111846483122e-4,6.2911233863217e-4,2.8207230968003e-4,3,place
V3331,54.234,49.637,23.45,-6.0074220135235e-4,1.6168453785817e-4,4.3905766349417e-4,3,place
V3334,-7.428,51.282,22.621,-1.104938557996e-4,5.8421065712037e-4,-4.7371680132077e-4,3,place
V3337,-7.91,55.063,22.537,-3.2793946516144e-4,3.4403415057273e-4,-1.60946854112952e-5,3,place
V3342,-46.63,57.509,21.988,-7.480492165027e-4,5.2224780182444e-4,2.2580141467825e-4,3,place
V3343,-42.806,57.643,22.034,-7.3844957548423e-4,3.1022352898649e-4,4.2822604649773e-4,3,place
V3353,-8.8742,62.626,22.371,0.00138317892764727,-3.8763222627736e-4,-9.9554670136991e-4,1,face
V3367,-32.781,69.387,21.925,-6.430835923312e-4,2.1730140540923e-4,4.2578218692197e-4,3,place
V3372,36.047,71.79,22.764,3.0970422714167e-4,5.45468449068959e-5,-3.6425107204857e-4,1,face
V3377,-37.087,73.035,21.795,3.23444757006044e-5,-7.5680566297428e-5,4.33360905968236e-5,1,face
V3378,-33.263,73.168,21.841,-9.6361133663811e-5,-3.15103996215742e-5,1.2787153328538e-4,1,face
V3379,-29.439,73.302,21.888,-3.2365743906607e-4,8.3161261384594e-4,-5.0795517477986e-4,3,place
V3389,-41.393,76.683,21.665,-4.1775978010292e-4,3.1585942376545e-4,1.0190035633746e-4,3,place
V3390,-37.569,76.816,21.711,-5.1528496016552e-4,-2.5954769597495e-4,7.7483265614047e-4,2,object
V3400,35.083,79.353,22.597,2.6020788825005e-4,-2.6139981536352e-4,1.19192711346262e-6,1,face
V3413,15,86.248,22.198,3.8449419593006e-4,-2.0111513706009e-4,-1.8337905886997e-4,1,face
V3428,5.1721,-47.077,28.83,-7.7537310262858e-4,8.7828051838108e-4,-1.029074157525e-4,3,place
V3436,4.69,-43.295,28.746,-6.6413048064541e-4,5.92193656507379e-5,6.0491111499467e-4,2,object
V3459,45.787,-34.264,29.093,-8.7168777082578e-4,4.5067424253526e-4,4.2101352829052e-4,3,place
V3470,45.305,-30.483,29.01,-2.8048891073801e-4,-7.062032247766e-4,9.8669213551461e-4,2,object
V3495,-37.404,-14.38,27.614,1.0704117464193e-4,-0.0011595814546645,0.00105254028002257,2,object
V3496,-33.581,-14.247,27.661,-5.4743265502715e-4,2.5283749694599e-4,2.9459515808115e-4,3,place
V3502,-45.534,-10.866,27.438,-1.0389079846063e-4,4.2123447662972e-4,-3.1734367816909e-4,3,place
V3507,38.107,-4.1472,28.38,5.3589388315264e-4,-0.00132365686988759,7.8776298673495e-4,2,object
V3509,45.754,-3.8802,28.474,3.0254240245895e-4,-4.4711978788927e-4,1.4457738543032e-4,1,face
V3572,51.441,41.896,27.614,3.6973151008833e-4,-0.00133345691966334,9.6372540957499e-4,2,object
V3590,49.512,57.021,27.281,0.00105611248200329,-0.00103416748503015,-2.19449969731363e-5,2,object
V3594,-8.3263,58.799,26.499,6.7436274090874e-4,-4.2780309136555e-4,-2.4655964954318e-4,1,face
V3601,-8.8084,62.581,26.415,8.0144794166625e-4,-3.1691916330125e-4,-4.84528778365e-4,1,face
V3620,-2.125,70.41,26.342,-1.56025850145959e-5,-6.329842170174e-4,6.48586802032e-4,2,object
V3621,13.17,70.944,26.529,-1.7364104163099e-4,3.492895286907e-4,-1.756484870597e-4,3,place
V3623,32.289,71.612,26.762,-3.8658035949753e-4,4.6404621002497e-4,-7.74658505274453e-5,3,place
V3624,36.113,71.745,26.809,-3.4184415119336e-4,5.317737333418e-4,-1.8992958214844e-4,3,place
V3628,-37.021,72.99,25.839,2.1880898354385e-4,-0.00114152044066,9.2271145711615e-4,2,object
V3629,-33.197,73.123,25.886,4.1343895197135e-4,-1.016812884618e-4,-3.1175766350954e-4,1,face
V3637,-33.679,76.905,25.803,-1.9357962459039e-4,5.9647095303398e-4,-4.0289132844359e-4,3,place
V3655,7.418,85.936,26.149,-1.1121119939755e-4,-3.7828353286387e-4,4.8949473226142e-4,2,object
V3665,5.72,-50.903,32.958,6.0869976996063e-4,-1.8146007457368e-4,-4.2723969538695e-4,1,face
V3682,12.403,-43.073,32.884,-9.569757900663e-4,7.5021580894849e-4,2.0675998111781e-4,3,place
V3685,27.698,-42.539,33.071,4.62872625833398e-5,-8.2649437370096e-4,7.8020711111762e-4,2,object
V3703,38.206,-34.576,33.044,5.5218831883093e-4,1.7354318223737e-4,-7.2573150106831e-4,1,face
V3722,33.418,-27.147,32.831,8.5854527543635e-4,-2.3819113625099e-4,-6.2035413918535e-4,1,face
V3826,-54.146,57.152,29.984,5.2680615988346e-4,1.4507895545772e-4,-6.7188511534118e-4,1,face
V3836,-54.628,60.933,29.901,0.00102015048102629,2.9322375649712e-4,-0.00131337423752341,1,face
V3839,-39.333,61.467,30.087,-4.051181067821e-4,-6.76226093051e-4,0.00108134419983311,2,object
V3846,44.79,64.405,31.113,-7.2469299627609e-4,-3.525443277006e-4,0.00107723732397669,2,object
V3847,-51.286,64.848,29.864,8.8175362570965e-4,-1.1262900889876e-4,-7.6912461681088e-4,1,face
V3849,-32.167,65.516,30.097,6.3849662110895e-4,-4.23598123338884e-6,-6.3426063987556e-4,1,face
V3851,-20.696,65.916,30.237,-6.5831632334488e-4,-5.3313805065246e-4,0.00119145437399735,2,object
V3869,13.236,70.899,30.573,7.9914098430131e-4,-0.00100005618222398,2.0091519792265e-4,2,object
V3877,-6.365,74.013,30.257,5.641378046893e-4,-5.5709916590212e-4,-7.03863878717702e-6,1,face
V3909,-2.3438,-47.434,36.826,1.8841534082162e-4,-2.3768798620915e-4,4.92726453875327e-5,1,face
V3920,12.469,-43.118,36.929,4.8142018478048e-4,-7.8689736694739e-4,3.0547718216691e-4,2,object
V3927,19.635,-39.07,36.939,1.0458968909358e-4,-3.8910911741509e-4,2.8451942832151e-4,1,face
V3962,-39.65,-25.948,35.907,-6.9492764029892e-4,-1.94757367640302e-5,7.1440337706295e-4,2,object
V3971,-40.132,-22.166,35.823,-0.00115356339254102,2.573487338438e-4,8.9621465869721e-4,2,object
V3976,-44.438,-18.519,35.693,6.3354534139893e-4,-5.51567644552576e-5,-5.7838857694368e-4,1,face
V4015,41.098,3.4588,36.35,-7.5621140706398e-4,5.3056306577192e-4,2.2564834129205e-4,3,place
V4068,-6.2663,43.584,34.921,7.06801405760581e-5,9.7759505864725e-4,-0.00104827519922332,3,place
V4072,39.619,45.186,35.48,-6.1788640334352e-4,0.00120976391051494,-5.9187750717141e-4,3,place
V4082,31.489,48.701,35.304,-8.6971533733144e-4,4.4888578946855e-4,4.2082954786288e-4,3,place
V4083,35.313,48.834,35.351,1.0179333254671e-4,-5.2189870855052e-4,4.201053760038e-4,2,object
V4084,39.137,48.968,35.397,-5.2761975219156e-4,-2.0839375387919e-4,7.3601350607076e-4,2,object
V4094,34.831,52.615,35.267,4.6509626941278e-4,-9.3014839836188e-4,4.650521289491e-4,2,object
V4098,-53.598,53.326,34.112,-0.00106974992080817,0.00181833931760248,-7.485893967943e-4,3,place
V4103,19.054,55.863,34.998,7.6780552732942e-4,-4.394336809592e-4,-3.2837184637022e-4,1,face
V4106,45.82,56.797,35.324,2.0245806778174e-4,-4.0776801311024e-4,2.0530994532849e-4,1,face
V4116,41.514,60.445,35.194,-6.42627655332361e-5,-4.7241416142298e-4,5.3667692695622e-4,2,object
V4117,45.338,60.579,35.241,5.6908235378839e-4,-2.8015204177163e-4,-2.8893031201676e-4,1,face
V4134,9.9601,66.939,34.655,-2.2086928991626e-4,-3.4968935213604e-4,5.705586420523e-4,2,object
V4135,13.784,67.073,34.701,3.2348879696449e-4,-2.8650355864245e-4,-3.69852383220462e-5,1,face
V4139,44.374,68.141,35.074,0.00120342584239059,-0.00123854334946637,3.51175070757786e-5,2,object
V4144,-24.936,69.519,34.152,-2.9096289686888e-4,6.1988782315544e-4,-3.2892492628655e-4,3,place
V4146,-13.465,69.92,34.292,8.9169158997603e-4,-1.7129509551344e-4,-7.2039649446259e-4,1,face
V4166,-18.253,77.349,34.078,6.6314983435587e-4,-3.3576174618158e-4,-3.2738808817429e-4,1,face
V4191,12.053,-39.382,40.89,-3.040008525787e-4,8.2669503740573e-4,-5.2269418482703e-4,3,place
V4238,-36.725,-18.297,39.831,-1.642035202356e-4,-3.9909002628563e-4,5.6329354652124e-4,2,object
V4247,-29.559,-14.248,39.841,-3.8357846920721e-4,8.8487088923655e-4,-5.0129242002933e-4,3,place
V4319,-8.0958,28.28,39.252,-4.7053992190014e-4,-5.3500631028425e-4,0.0010055462321844,2,object
V4333,52.602,34.198,39.915,-1.238789552014e-4,-2.403091370022e-4,3.641880922036e-4,2,object
V4335,-54.945,34.241,38.526,-3.8499536483668e-4,-2.9848788343482e-4,6.8348324827151e-4,2,object
V4348,-55.909,41.803,38.359,-3.3191296412223e-4,-2.2277006429022e-4,5.5468302841246e-4,2,object
V4349,-52.086,41.937,38.406,6.76174484059329e-5,-0.00128122161962708,0.00121360417122115,2,object
V4351,35.861,45.008,39.478,-3.6539135232733e-4,-7.2849873828472e-4,0.00109389009061206,2,object
V4357,-14.33,47.053,38.789,0.00112726700222186,-4.8254540224936e-4,-6.4472159997249e-4,1,face
V4363,35.379,48.789,39.395,1.524583629205e-4,-0.00103825304551717,8.8579468259666e-4,2,object
V4372,-37.755,50.033,38.426,4.5106999733895e-4,-0.00128596408773813,8.3489409039917e-4,2,object
V4375,46.368,52.971,39.452,-4.2439812570545e-4,-4.7678829262896e-4,9.0118641833442e-4,2,object
V4382,19.12,55.818,39.042,-6.3189877196008e-4,-2.4026352296555e-4,8.7216229492564e-4,2,object
V4385,42.062,56.619,39.322,-9.284902038809e-4,-2.1718241059444e-4,0.00114567261447535,2,object
V4386,45.886,56.752,39.369,-1.4353651461051e-4,-1.772033751968e-4,3.2073988980731e-4,2,object
V4395,-50.672,60.977,38.036,-3.0927373195082e-4,-2.91862984274794e-5,3.384600303783e-4,2,object
V4407,-28.212,65.559,38.233,3.6196131794002e-4,-0.00121805004586381,8.5608872792379e-4,2,object
V4410,13.85,67.028,38.746,-7.2432086038199e-4,0.00106765668926106,-3.4333582887907e-4,3,place
V4411,17.673,67.161,38.792,-9.3819524027881e-4,0.00111427210869344,-1.7607686841462e-4,3,place
V4415,-24.87,69.474,38.196,-6.9316702734261e-4,0.00191770621829956,-0.00122453919095694,3,place
V4419,9.5438,70.676,38.616,-5.6719668983796e-4,0.00119619866323891,-6.2900197340094e-4,3,place
V4444,12.119,-39.427,44.935,0.00132422949937569,-7.2861032736193e-4,-5.9561917201375e-4,1,face
V4495,-29.493,-14.293,43.886,6.0075481286526e-4,6.8379523529797e-4,-0.00128455004816325,3,place
V4508,-45.753,-7.2649,43.533,4.1853681775696e-4,-7.3507627846902e-5,-3.4502918991006e-4,1,face
V4514,-46.235,-3.4836,43.45,5.3450016076429e-4,-2.1665217032367e-4,-3.1784799044061e-4,1,face
V4588,-54.879,34.196,42.57,2.6479809273947e-4,-2.1235471813339e-4,-5.24433746060805e-5,1,face
V4602,-55.361,37.977,42.487,-3.9966424095951e-4,6.4392595900415e-4,-2.4426171804464e-4,3,place
V4634,35.445,48.744,43.44,3.596929827649e-4,-2.1581104169248e-4,-1.4388194107242e-4,1,face
V4647,42.61,52.792,43.45,-4.852786322118e-4,3.4419158268417e-4,1.4108704952762e-4,3,place
V4648,46.434,52.926,43.496,3.9848612422568e-4,6.27780814866263e-5,-4.612642057123e-4,1,face
V4653,-15.228,54.571,42.667,-7.1624983252173e-4,7.0049504861007e-4,1.5754783911662e-5,3,place
V4658,42.128,56.574,43.367,-1.9364222220305e-4,3.7379167417677e-4,-1.8014945197372e-4,3,place
V4660,-46.301,57.284,42.211,-3.5802534730612e-4,4.9242243025342e-4,-1.343970829473e-4,3,place
V4661,-42.477,57.417,42.257,8.0624191791996e-4,2.6723307448923e-4,-0.00107347499240921,1,face
V4680,-43.441,64.98,42.091,-0.00014813631472346001,5.6597250935912e-4,-4.1783619463565e-4,3,place
V4708,11.703,-35.691,48.896,-6.9746902122499e-4,3.0126171456669e-4,3.962073066583e-4,3,place
V4744,-37.075,-14.605,47.837,3.6490960430898e-4,-3.4419929358849e-4,-2.07103107204869e-5,1,face
V4757,38.918,-8.1537,48.686,2.025802686498e-4,-1.8543510451604e-4,-1.71451641337574e-5,1,face
V4758,-45.687,-7.3099,47.577,4.419138163543e-4,-2.7158092364198e-4,-1.7033289271231e-4,1,face
V4767,26.965,-4.773,48.463,1.0222861544277e-4,-5.8184648204475e-4,4.7961786660197e-4,2,object
V4768,30.789,-4.6395,48.51,-6.7967563242284e-4,7.975191965865e-4,-1.1784356416366e-4,3,place
V4769,38.436,-4.3724,48.603,8.1274091098467e-4,-5.4046923069974e-4,-2.7227168028493e-4,1,face
V4771,-46.169,-3.5286,47.494,-3.3306029820918e-5,5.40080150181372e-5,-2.07019851972192e-5,1,face
V4793,-31.838,4.568,47.514,1.9039883624747e-4,-4.1616421454516e-4,2.2576537829768e-4,1,face
V4798,25.519,6.5709,48.214,3.5943467926115e-4,-7.3962205955075e-4,3.801873802896e-4,2,object
V4875,21.18,40.602,47.464,-2.4557483617434e-4,0.00126850073943282,-0.00102292590325848,3,place
V4905,-22.81,54.259,46.618,-0.00113477868803566,0.00155499516988502,-4.2021648184936e-4,3,place
V4915,-30.94,57.773,46.442,6.0888983171709e-4,-6.62150106251554e-5,-5.4267482109193e-4,1,face
V5010,-8.3475,1.5428,51.922,4.4220968265653e-4,-2.1039684761821e-4,-2.3181283503832e-4,1,face
V5265,-5.422,9.1939,55.846,-5.8685926624332e-4,0.0014642690023499,-8.7740973610656e-4,3,place
V5362,36.607,41.046,55.74,-1.5911115068956e-4,-4.2238635134134e-4,5.814975020309e-4,2,object
V5427,-6.7695,-9.8911,60.261,-1.8681560624697e-4,5.8913376525053e-4,-4.0231815900355e-4,3,place
V5430,-7.2516,-6.1098,60.177,-5.9399660329082e-4,5.198923364625e-4,7.41042668283285e-5,3,place
V5437,-3.9099,-2.195,60.141,-4.0791717730867e-4,-9.78318474378906e-5,5.0574902474656e-4,2,object
V5446,-20.169,4.8335,59.788,-4.9205816756803e-4,6.9550957337173e-5,4.2250721023086e-4,2,object
V5447,-16.345,4.967,59.834,2.1726136398494e-4,-3.7399159629312e-4,1.5673023230817e-4,1,face
V5448,-8.6979,5.234,59.928,-1.8624407918454e-4,-4.5745309483031e-4,6.4369717401486e-4,2,object
V5451,14.245,6.0352,60.207,-7.7869103724689e-4,0.00133967200957952,-5.6098097233262e-4,3,place
V5453,-28.299,8.3477,59.611,5.538872762039e-4,5.1065137962686e-4,-0.00106453865583076,1,face
V5591,9.5226,13.419,64.039,-6.1242551113412e-4,5.5411491552653e-4,5.83105956075896e-5,3,place
V5611,-26.82,27.343,63.286,-2.7141363744904e-4,2.3137089587105e-4,4.00427415779858e-5,3,place
V5623,-27.784,34.905,63.12,-6.0704209510604e-4,6.095791744315e-4,-2.53707932545982e-6,3,place
V5624,-23.96,35.039,63.166,-9.6688772695994e-4,6.2969179442969e-4,3.3719593253025e-4,3,place
